2.116865154643374561e-02 -4.199648588022809534e-03 6.310480805391755280e-03 -2.650452740463852316e-03 1.024878287343193584e-02 1.275466424006444291e-02 -1.330670698861039641e-02 -2.234903578659550721e-03 -1.482378135471462514e-02 1.770311649171254706e-02 2.316034251627790974e-02 -1.455820609939185127e-02 9.968486494214574140e-03 -7.042181076080307640e-03 -1.012069142164197938e-02 1.250767504343002455e-02 1.134443632794300202e-02 -6.598361652899616819e-03 -1.594121057012699502e-02 -1.855638363355483281e-02 1.739437324228641085e-02 -1.933728797112461983e-02 7.361006544547497171e-03 1.178288781891158321e-02 -6.077064642238577501e-03 -1.303155474984897880e-02 3.742283538166815693e-03 -2.130977904712943322e-02 1.714407108031124061e-02 1.431074632814315940e-02 2.443739058040679882e-02 6.802437748697268832e-03 -1.227384933202110492e-02 1.358852648171550437e-02 -1.425439894159517829e-02 -8.980374323265219449e-03 -9.825453274686396510e-03 1.288640566400397688e-02 -5.426435677964436613e-03 3.053651921295981800e-02 9.198024799562727616e-03 -1.275617403706199270e-02 -1.186426928613898077e-02 3.426921613327461175e-03 -9.440197208773978138e-03 -8.036959422281886312e-03 1.821311662797631126e-02 1.967501910529902143e-02 1.389728874302581865e-02 5.986346434124886241e-03 -1.390338323186396385e-02 8.300795170396287059e-03 9.491984214679079386e-04 -1.409381859924888590e-02 1.452533395959852702e-02 2.684604395790416570e-02 -1.279847583297798880e-02 -2.067990044696370322e-02 1.483189133571784050e-02 -1.066117558715594382e-02 -9.905440813911977477e-03 2.348058366487888737e-03 -3.226524209199603532e-03 -2.793670795110171547e-03
-4.617166511545359262e-04 1.144403619419434234e-02 1.519279771091143309e-03 1.505209197556931291e-02 3.076939908577514763e-04 -1.191434247612423517e-02 3.947044312256969660e-03 3.679607918990266801e-03 7.701561729108113291e-03 -3.109604281756835932e-03 -5.340388451684399684e-03 -2.622943997717248205e-03 -3.953174942892712096e-03 -4.651356042707121413e-03 9.635438120662502201e-03 -3.297789963152439503e-03 7.267671425071555065e-04 1.454434359356102970e-02 7.667423559481037487e-03 4.022150890179701163e-06 -1.456801086884905970e-02 1.369884277240820177e-03 2.515809305262312751e-03 -3.785643380756199567e-03 3.038706406089745557e-03 -1.232792723996284714e-03 -1.027958585522908280e-02 1.697604224006794837e-02 -2.457619053686841293e-03 1.318100055502092506e-03 -3.307867727834572225e-02 -8.494971530984083558e-06 6.588558513700430719e-03 5.972850585896933434e-04 6.354993795669701753e-04 1.147596451018300344e-02 -9.730348260714874811e-04 -7.816056029927510168e-03 1.039523703237603403e-02 -1.082123543599507187e-02 5.970216421988862885e-04 1.631406722977130812e-03 2.326502222591893959e-04 -3.036743644071000260e-03 4.285826937508984032e-03 1.658430836127216743e-02 -2.396154452851344263e-03 -1.574522604899949302e-02 9.894575115922841710e-04 -3.109844150063858538e-03 -8.588011757728238873e-04 -4.748259838160102421e-03 2.876473562807913172e-03 -1.201025692070892010e-03 -9.038448960803830735e-04 1.439050548103310012e-03 2.232131160221389153e-03 6.585587872922160288e-03 1.181784702928659683e-03 -2.493853788545362556e-03 5.583097333488171513e-03 2.262063061186129435e-03 7.890079182870397140e-05 -3.694381253492545151e-03
-8.754125564865954112e-04 1.613971950725794427e-02 2.985467965267759455e-02 2.644512564882217295e-02 3.145216532404999151e-03 2.730311479657646090e-04 1.052139831940447114e-02 2.077330718338340695e-02 1.978475975577402221e-02 -8.423014217128810960e-03 -6.782959642570330142e-03 -9.742056512414571517e-03 4.815028958372038689e-04 -1.555689680207873217e-02 1.731798946950202991e-02 2.657155268207408300e-02 2.419902786939976541e-03 2.032217681481104585e-02 1.027224364615869981e-02 -2.828195192747668882e-02 -3.088067891014551619e-02 -1.264821205477538804e-04 1.483222185538380158e-02 -1.383961274361322422e-02 1.674905243856172551e-02 -6.468931494646616015e-03 -3.554808027234954149e-02 1.931572363663280889e-02 -5.306859637249177614e-03 4.788944455761761504e-03 -4.458487138793611193e-02 -8.484812990544692707e-03 9.237724570952406122e-03 2.659126789203067418e-03 9.847790435347471977e-03 2.424240654262041494e-02 4.158796437626040635e-03 -1.071764799828824576e-02 1.242785507176965773e-02 -2.601539789238016542e-02 8.449489065432552737e-03 8.056998286627897743e-03 8.209887909597460634e-03 -1.935244706430652717e-02 1.062626879490228063e-02 3.230365818238643827e-02 -5.000953127718850942e-03 -3.141975288345444373e-02 3.339198968979079085e-03 -1.031060302724615477e-02 -8.621442511228375599e-03 -4.894757042611205811e-03 4.986087720944608857e-03 -4.970444515912323356e-03 -7.316883827677911172e-03 -8.502820383698611595e-02 7.901632288298928580e-03 8.610450438623847708e-03 4.720664578796497993e-03 -9.558253238292457876e-03 3.083451253549176693e-02 1.221040935267130381e-02 -1.338406825591659591e-03 -1.937615056615656084e-02
5.884174343673061625e-04 -2.158431650730366011e-03 -1.738453754703756567e-04 6.695603838806887288e-03 4.791388555706256776e-04 1.368202417424881339e-03 3.353531054282603025e-03 2.885028381095951222e-03 3.137581064142705867e-03 -3.951109908270484389e-03 -3.993311296315272055e-03 -1.969845411331115452e-03 -2.268918919938734541e-03 1.385933999312737377e-03 1.010836345539006462e-02 6.633458105602904088e-03 1.601513118831880038e-03 8.027427395154941928e-03 4.359356416296701967e-03 6.085470223040265018e-03 -1.133848541911906121e-02 9.658777056971558448e-04 2.168516304784551003e-03 -3.424057236791460020e-03 2.571852698360458343e-03 -1.550723623228505640e-03 -1.928312896900038348e-03 1.511832088033803617e-02 -2.093063648940058849e-03 1.821017672229687575e-03 -2.615617258189779568e-02 -1.108475515421185375e-03 4.127678568139486921e-03 1.465126295309985421e-03 5.744686786952570750e-04 1.023077388393737672e-02 4.866519982442056667e-04 -7.433392933789530546e-03 1.485171663505950417e-02 -4.827478571410575604e-03 -9.869731992391563534e-04 1.158496765033744215e-03 -9.046498196224853246e-04 -3.181387337658951944e-03 4.859719250467730949e-04 7.613464564847605663e-03 -4.715876907262091765e-04 -9.760569246477541691e-03 1.745137670879150314e-03 -2.198444377971519887e-03 -1.120096408915877617e-03 -6.030672796576494812e-03 8.625920653923247611e-03 -1.317455369735525328e-03 -2.212836104801386245e-04 7.657277363317012420e-05 3.023973287183740442e-03 6.349020996971318359e-03 2.148737278341323470e-03 -2.488839342602041857e-03 4.150476349792437368e-03 1.973651599576581404e-03 -5.793788754987760914e-03 -3.357223080442060456e-03
1.142677103985560889e-02 -6.777086075274040347e-03 -1.099195736844125505e-03 -9.609485285097542004e-03 7.373523020485958299e-03 5.759999455243799277e-03 -7.305434444277170147e-03 -2.058947465366613508e-03 -1.025226322869474647e-02 6.803174147284153997e-03 7.645085764253697035e-03 -7.995587863985898630e-03 6.717562052900042692e-03 4.666124886825943202e-03 -5.890588524614266512e-03 1.097198984520393345e-03 8.337409820754612330e-03 -7.783736502519757010e-03 -7.918779971360867531e-03 1.808724064646990287e-04 1.561693977812052096e-02 -8.537963428354566203e-03 5.439681856683008417e-03 1.154651110465617844e-02 -3.541972363994260516e-03 -7.491449273965727559e-03 1.058782762344473091e-02 -1.519574457694067293e-02 6.523320443684414716e-03 8.616055773954094457e-03 2.291967366464146838e-02 9.403898794625591834e-03 -8.363334367390656138e-03 7.886149099953602970e-03 -6.463156594978643893e-03 -1.236819877033135465e-02 -2.167097352157964021e-03 8.235413186965596238e-03 -1.035179014464440023e-02 2.002701498302104227e-02 5.888488905100274992e-03 -1.028890812085392174e-02 -8.471247890243975218e-03 2.253228212596550956e-03 -6.546864104196617809e-03 -1.145812152159611172e-02 8.039900014935777439e-03 1.785231257420891171e-02 9.328210438445483019e-03 9.967967087154291916e-03 -7.393624678681730289e-03 7.185221480187103937e-03 3.316264610795356324e-03 -7.973493822760985977e-03 7.569304223694299852e-03 1.419397609048996325e-02 -1.053944536675814267e-02 -8.154625285809751281e-03 8.191660681032995536e-03 -8.014168477944307728e-03 -5.903370701768371510e-03 2.808285750866550134e-03 -4.326685682724673923e-03 -1.133270574897442392e-03
7.081212580708202801e-04 -9.249877703374998969e-03 6.598603325882320889e-04 -1.012871096969304198e-02 -2.895824455476361456e-04 1.291101803451484564e-02 -3.867199271259671393e-03 -1.877075913750666462e-03 -6.014885293243403715e-03 3.981023875008628254e-03 6.345311506783979545e-03 1.682552247522026232e-03 4.579353103928618732e-03 3.222118056531637388e-03 -7.327356848051119059e-03 7.346785372101856913e-03 -3.701713663296752298e-04 -1.183258436307321054e-02 -7.420852204577970367e-03 -3.015013090789148316e-03 1.147904620663042774e-02 -2.496492449828794768e-03 -2.027242380184925922e-03 2.143375707829540955e-03 -2.667078244067027249e-03 6.828956875677053397e-04 5.811559631209067649e-03 -1.597271002178361765e-02 3.353081215126817779e-03 -1.097123903350264145e-03 2.542349945744980244e-02 -1.574380367811924804e-03 -6.416483367272094417e-03 6.165067639635462421e-06 -7.365489938097752060e-04 -8.393843444992934652e-03 9.669044699997151292e-04 7.833794271577725413e-03 -9.805329017521458024e-03 7.626890567619780056e-03 -4.351241367649910999e-04 -7.625097823898852739e-04 -3.154574061705853368e-04 1.574779525096377513e-03 -3.097910440002742301e-03 -1.330888627723298898e-02 2.984397124350172698e-03 1.020631518921648329e-02 -7.582370883658855025e-04 8.909488623582359490e-04 -3.664383595484413305e-05 4.366898131303783084e-03 -2.876064994337956815e-03 3.587845405294315566e-04 6.881576028028156978e-04 -8.134348630379345524e-03 -1.574319907307189254e-03 -6.903645760688529448e-03 -5.628158508923710324e-04 2.249278162433217005e-03 -3.953952303217861571e-03 -2.214738080678904479e-03 6.071156159817687158e-04 2.379415136339387005e-03
-8.235872188353116075e-03 -2.609558267967605240e-03 1.578388043360990159e-03 5.031023500992997874e-03 -2.653205781384886976e-03 1.919839070080629241e-03 9.542354843675601023e-03 6.421193791827659383e-03 6.822037787912690367e-03 -1.175671938891012860e-02 -1.064471533080429272e-02 3.667745284654053400e-03 -3.703298107679948992e-03 3.944556729664407992e-03 6.386312775565550041e-03 7.673302553973675860e-03 -2.861214962891358172e-03 7.451140175746562462e-03 8.881939561063126667e-03 9.731331264683187876e-03 -1.384629889077349310e-02 8.283315769470857987e-03 7.525981015071773854e-04 -8.166464556469799074e-03 7.029336748348788064e-03 3.038745761864898240e-03 -1.765903217105347679e-03 1.646826518438018055e-02 -8.476495380169318458e-03 -3.820204923537203964e-03 -2.491474522448575840e-02 -5.467573440032703729e-03 6.844130090786929542e-03 -4.112747955211245969e-03 8.560034688851612256e-03 1.144890448456177892e-02 6.184717613887078490e-03 -1.022785127369509398e-02 1.336147450292927974e-02 -1.134310659274189240e-02 -3.423129438721091156e-03 7.416605011808880855e-03 5.757377446444541212e-03 -7.177611278833691787e-03 4.378349671676116765e-03 8.051113489251164254e-03 -7.906639066861734927e-03 -1.387491473027115119e-02 -4.530849044237342943e-03 -5.358903148145878308e-03 2.510912564582132474e-03 -7.744940742349266764e-03 6.880472410731560198e-03 4.571294486510939226e-03 -7.596133981047739278e-03 -2.608324196441083251e-02 8.937461881788379137e-03 1.197808837731108127e-02 -3.876451641038550743e-03 1.080081026823965021e-03 1.147934406617235475e-02 1.499843609504275229e-03 -4.322570407151558533e-03 -3.915896439785435806e-03
-2.886136387149480093e-03 9.912160960622329667e-03 3.178071056988444887e-02 2.007761463420035600e-02 6.298813179726346113e-03 8.909828859312299981e-03 9.564083749078876318e-03 3.983795526696841394e-02 2.427225404657144120e-02 -1.315000231643471441e-02 -1.200237293770867707e-02 -1.538359781823421882e-02 8.136143953188729530e-03 2.712741579299878317e-04 9.559248303729669244e-03 7.590120709765061507e-03 6.562145468496401526e-03 2.055122852290242400e-02 1.190395824738956290e-02 -1.144968726671983204e-02 -1.614597881771777724e-02 -1.170849821330011229e-03 2.579658214412623718e-02 -4.416678080258517117e-03 2.494383465181561343e-02 -9.760523910675200296e-03 -2.852440652230232160e-02 4.562059063137459056e-03 -1.105200027532715970e-02 8.740309316084438063e-03 -2.823555538336895016e-02 5.273598225663824433e-03 1.073893474480889371e-02 4.572731130454711287e-03 2.098999369068526438e-02 1.250123831069921074e-02 3.233395745035101687e-02 -5.540860003257015200e-03 -2.014887405810677351e-02 -1.275086073035855763e-02 2.291579520692613517e-02 2.614202648578761376e-03 1.116643044243940085e-02 -3.344229492723823499e-02 1.520517518020631995e-02 1.862947136668294951e-02 -1.074579641049512937e-02 -2.422118154954722852e-02 8.371099183845709391e-03 6.497215305164517549e-04 -9.944824543841102038e-03 5.117531878505697691e-03 6.738196834222510631e-04 -9.591802850140735553e-03 -1.390967755026600514e-02 -6.151927919862196226e-02 -2.915984621672245737e-03 1.501733938905753900e-02 3.673150615045039230e-03 -1.591648974044294895e-02 1.173309785522246712e-02 2.374925156606257429e-02 4.766680059856382573e-03 -2.830580325564010374e-02
-2.212062385035061876e-03 5.276698836484285289e-03 6.828893682456320131e-04 8.987988041463614367e-03 5.198013487112060349e-04 -5.663740257202790757e-03 3.232316996551085411e-03 3.808060589006118882e-03 6.600320719851567909e-03 -4.807278014216515884e-03 -7.277946604574165451e-03 -1.359683752437018493e-03 -1.862025519920939860e-03 1.522097434293105092e-05 1.147146081586342646e-02 -2.106013957951579935e-03 7.969275670751123537e-04 8.029963136821997513e-03 5.560192389274042080e-03 5.296146122108306813e-03 -1.123456301989665326e-02 2.099016711308691191e-03 2.439678812206646369e-03 -2.734558589584598805e-03 2.000256442061585857e-03 -5.312515589735739702e-04 -8.051720385803951344e-03 1.086095065891332090e-02 -3.538137794324796703e-03 3.001012557621851313e-04 -2.424701230076349925e-02 7.427395586985365093e-04 3.867924746009182395e-03 7.807233574409134960e-05 1.534316488451346189e-03 7.059395486880880657e-03 1.922424557631805149e-03 -4.858393799213035942e-03 3.520230065807866595e-03 -1.294760742669735787e-02 2.108666115188071735e-04 1.169810807107381657e-03 6.111588589899461139e-05 -3.072624591604928602e-03 3.480476857183746869e-03 1.094628495013863674e-02 -3.101240353005369627e-03 -1.464840259238444665e-02 3.916541183079117134e-04 -5.874629491852171540e-04 -3.275381520558334129e-04 -1.897009796743727916e-03 3.625831272533613231e-03 -3.580308915818581597e-04 -1.014266414706693894e-03 -8.365019697530971798e-03 1.866749434973412770e-03 9.210542852362420610e-03 5.032042992390957847e-04 -1.946231829154140619e-03 6.833613262387209716e-03 2.819501106253085188e-03 -6.276302434398940092e-04 -3.902067892478389317e-03
4.395927301991354660e-03 7.877213751630432470e-03 1.104069144938776316e-03 6.632117469843668185e-03 1.138430919434127529e-03 -3.757884482543616140e-03 -3.963103039841114721e-03 -2.730464098169709062e-03 -1.758429141544789066e-03 6.844924629809501920e-03 7.670062074129908869e-03 -2.507199297566217646e-03 1.241620751450037315e-03 -4.323508977467390227e-03 -4.804641624576689099e-03 2.702166427017240781e-03 7.471361579375205078e-04 1.668171557776195867e-03 -4.331886717919079290e-03 -9.296338632146506492e-03 2.432486222407775987e-03 -4.924195304677529868e-03 -3.529644006580117494e-04 -5.287106647949393109e-04 -3.003356737973105796e-03 -1.806985385774789602e-03 -4.576111965872824323e-03 -4.224119208921245892e-03 5.937798979047851679e-03 1.617168734114900371e-03 -2.879235557047877831e-03 -9.749462911821562671e-04 -2.299455411759990416e-03 1.901086777627047572e-03 -4.630103163458983324e-03 9.759368218966481268e-04 -4.260717237052276049e-03 3.671802986990229615e-03 9.650210845506311877e-05 2.266747182403488527e-03 1.298969764994699393e-03 -5.949763499148190068e-04 -1.740817423099286264e-03 3.399578478179406983e-03 -6.806333578937390997e-04 4.886670670958158900e-03 4.832412870653843631e-03 -2.018557374041390559e-03 1.433491821608176521e-03 -1.968541503194456456e-03 -2.089231550619787166e-03 1.629629403915789330e-03 -4.368819579766659508e-03 -2.476171361121140037e-03 3.744320392823899044e-03 2.245302849944150886e-03 -1.270596329648212295e-03 -7.674816919991889197e-03 2.471851388898879415e-03 -5.819207479783544777e-05 -3.539003260770274498e-04 -1.469228907995409270e-03 3.924787666414915333e-03 1.537028474714034103e-03
4.367878416332919046e-03 6.111338717767701191e-03 7.115674722026557250e-03 1.088802147538911989e-02 5.951048517135365578e-04 2.656940073589897193e-03 -1.065223472781214259e-03 -4.004256506580261988e-04 -7.363517237643623509e-04 5.855415824256541592e-03 1.201851074024613830e-02 -3.026493834540861655e-03 1.780253344436016471e-03 -9.796722350125172674e-03 -8.620363166375783620e-03 1.513799988581905967e-02 1.788177758430212628e-04 4.929222340835556423e-03 -4.817926525887660828e-03 -1.748975803127448062e-02 -4.272947385109040173e-03 -5.390387322567755449e-03 1.143928206103808881e-04 -5.248736720327346755e-03 8.347822145175853945e-04 -2.224817608730182607e-03 -8.488054838326580115e-03 7.646823076632216490e-04 5.981848875618979780e-03 2.088128643848606233e-03 -1.384401412572613607e-02 -6.600667183479371619e-03 -2.131250079872802064e-04 2.231043460439903047e-03 -2.892859963450037861e-03 9.127123361960580439e-03 -4.116317355840526729e-03 1.125538732143257625e-04 9.488403969968179849e-03 2.954157866206427122e-03 3.320950869953793495e-04 3.211727750557397641e-03 9.532019549275671253e-04 -3.350498005844226726e-04 -5.566852037976975903e-04 8.291004100326815687e-03 5.817008899914025491e-03 -8.313043656572143003e-03 7.026532037964542364e-04 -8.302084155104048901e-03 -3.578682260183444798e-03 -2.870695989004684069e-03 4.728178145846459891e-05 -2.461300481720606580e-03 1.831175497263073807e-03 -3.519291233301908520e-03 3.381673286492133373e-03 -9.127847826147452229e-03 3.234651600396751259e-03 -3.997924341207304087e-04 2.693486206471262974e-03 -1.792514864797418181e-03 6.235834178745041333e-04 1.213106608629355176e-04
-2.567878656346802430e-02 6.287726306271449600e-03 -5.904045672037764106e-03 -5.049838227803504428e-04 -2.088511915398122420e-02 -1.336213994125876048e-02 1.179456079661156051e-02 -9.943361857247028091e-03 8.818321734508130158e-03 -1.020394325951837211e-02 -7.904332815515360128e-03 2.816105600393953301e-02 -1.230592040972448495e-02 -1.031839034306212578e-02 -8.638959060619746944e-03 -9.141793481759837373e-03 -2.362984446634402991e-02 -4.212708675256290024e-03 6.913190435589976028e-03 -7.696243439535140236e-03 -1.830161996832749272e-02 2.093469384468502406e-02 -2.492580468323513099e-02 -1.827485997394823203e-02 1.341803989297320199e-03 2.253245399656397807e-02 -6.031045339474704059e-03 1.531636977216950003e-02 -1.201643677153644424e-02 -2.437349745806745641e-02 -1.099587544744583777e-02 -2.355035405373560875e-02 1.180657260691838489e-02 -2.148167199449869599e-02 1.297979744956928583e-02 9.130470467621890768e-03 -3.240234960045248851e-03 -8.017718547817551805e-03 1.769451007122632008e-02 -3.445877148109025706e-02 -2.378522031939490217e-02 2.075668917389582313e-02 1.774606009114533187e-02 4.710941313873888425e-03 3.702962970675416528e-03 -5.029869407726589650e-04 -1.456767488543274369e-02 -1.364413227468270345e-02 -2.524652164770581353e-02 -2.020370317015882100e-02 2.262366096424377887e-02 -1.383376555151193815e-02 -9.602897209607219597e-03 2.415432269804091564e-02 -1.640981163172097398e-02 -9.354433965890081998e-03 2.089860671311532386e-02 6.497190213065724695e-03 -2.281201094249399319e-02 2.664376015898457101e-02 -2.498306469758170348e-03 -1.798086928355600161e-02 5.684734283265835582e-03 1.715285337017864037e-02
2.869062189795676919e-03 -4.853159722548191861e-06 2.943260911345492621e-03 -1.694133324540251020e-03 2.475510040384085609e-03 2.223374531948609477e-03 -2.036777530075408946e-03 1.869783973949608975e-03 -2.292343848737474037e-03 2.648024828867817822e-03 4.704731093105503532e-03 -2.796136209689110107e-03 4.166633665077656458e-03 -4.101978630838867520e-04 -6.693308991660734675e-03 1.329617647757271818e-03 2.436825089183077692e-03 -2.453416784922976806e-03 -3.895146177847169221e-03 -4.926744734750877590e-03 5.036849247178049223e-03 -3.289530293826514046e-03 2.299028810710758344e-03 3.664371380192761856e-03 1.166819472965249576e-03 -2.542607205134138956e-03 3.204580533648633371e-04 -8.259345115823825759e-03 2.159780305362328772e-03 2.936594233778474713e-03 6.726409532246536808e-03 2.573823518370439711e-03 -2.255256902434525732e-03 2.459777688562247381e-03 -2.475909873575309192e-05 -4.094927585462639248e-03 2.627202772107453308e-04 4.467619897509730528e-03 -7.621661511551159132e-03 4.874708335636590735e-03 2.524667981690882634e-03 -2.520495066209483409e-03 -1.287116170306138591e-03 -2.356691553862659463e-03 -1.859449600233078950e-03 -3.010510265842562469e-03 2.655803545268328736e-03 4.206012510007649252e-03 2.635437928123997384e-03 1.934499318699924855e-03 -2.960897722755150528e-03 3.473821450125062858e-03 3.944862749966548325e-04 -2.751706113288948131e-03 8.537824752197850512e-04 2.577278674504096360e-03 -4.184744040256946872e-03 -3.991571404435226809e-03 2.255665698503308159e-03 -2.648882145389588796e-03 -2.567355334778391538e-03 1.518938266507540704e-03 -7.787301498495088252e-04 -1.252245304669273671e-03
-1.814493319125376437e-03 -1.377256854594086956e-02 -1.993476086423691396e-02 -2.412684857688463316e-02 -2.277938020043457096e-03 1.942565797106421497e-03 -4.670090269358740179e-03 -9.476989210168434638e-03 -1.493260251755535936e-02 2.919865932273040671e-03 3.852055618645250975e-03 7.153884888754416527e-03 1.714504042040276583e-03 2.252161161725149338e-02 -2.697886614486416645e-02 -1.290116996282051308e-02 -2.428909240568562829e-03 -1.451641375953352346e-02 -6.097916154674325531e-03 2.324649538625100584e-02 3.035075589350953729e-02 2.343796112519193169e-03 -7.160245385219874206e-03 9.546312688294743623e-03 -4.529188409356801892e-03 4.406909892006788398e-03 3.443535017884398475e-02 -1.859661428921140919e-02 6.167706758183216526e-04 -4.376577156279320632e-03 4.144623507619119018e-02 6.390842920916609340e-03 -5.524768574345768207e-03 -3.600407674719946494e-03 2.717978354726667545e-03 -2.032370707737013102e-02 6.406134772199321807e-03 6.665255583400224101e-03 -1.244679028364156434e-02 2.971160965548533608e-02 -1.979071120226992206e-03 -3.933578648180274286e-03 -6.819071706727231758e-04 7.839462114252779279e-03 -6.230149044266830582e-03 -3.007675007659257535e-02 -4.743041571840151977e-04 3.084507297765114175e-02 -3.110227198451900876e-03 9.145321967450286207e-03 6.413404891622274430e-03 3.679278510125857590e-03 -4.834015461778334855e-03 4.114839252570029471e-03 -2.184688637658183802e-03 4.259207061921120585e-02 -5.622145044427715246e-03 -9.453486128210026457e-03 -5.680031019871538758e-03 5.692140948443814852e-03 -2.301005148508063897e-02 -6.043507073418675699e-03 1.109138783004860783e-03 1.275328842101316161e-02
1.041384213596858663e-02 -2.463691110383150161e-04 -6.923232069758368523e-02 -2.482066658631037082e-03 6.726508776920952885e-03 -3.703662932138462871e-02 -1.779611859769028234e-02 -2.117459618023944876e-02 4.590649186679543817e-03 -2.382534410138251874e-04 -4.680850417153869375e-02 -5.646698042644328515e-03 -9.197371297357547631e-03 2.343073149178876574e-02 1.366362052490069090e-01 -5.949650363132837072e-02 7.728316829380411403e-03 -1.006539467713572431e-02 1.095801476965550629e-02 7.394596394580499332e-02 -2.462088170818302335e-02 -7.389671148986271670e-04 5.138755236765878663e-03 1.394350611073067077e-02 -4.297426396550540345e-02 -4.935057727107410377e-03 -1.212160837463905488e-02 1.897407210535637101e-02 5.443778753203588720e-03 6.650782708174667393e-03 -1.081146768037581814e-02 2.721244595845983411e-02 -1.201853538314431522e-02 6.807386670563068086e-03 -2.739158663952491121e-02 -1.590806507428159378e-02 4.404415490683725488e-03 2.107722129444153554e-03 -8.177820232336107525e-03 -6.754368432957416624e-02 4.582146104896138265e-03 -2.496873403109314132e-02 -3.775341321310034248e-02 4.861832720548020514e-02 -5.762267210137872117e-03 6.528007396363150368e-03 1.207145058903895396e-05 -1.634474086593207948e-02 1.538541140460127771e-02 3.304584398389745492e-02 4.685455683985068065e-03 1.231603705677157545e-02 1.954239000677010507e-03 -6.578419027120851852e-03 2.561232606754666741e-02 3.460670480673098959e-02 -1.332432513947682563e-02 4.934367363216844021e-02 9.477336699117641650e-03 -8.081526853853531617e-03 -5.115094350008165397e-03 1.037239829072146048e-02 -2.187259735101613253e-03 -5.550344692045801331e-03
1.163683183686480514e-03 -3.558705796546957068e-02 -1.070474270271762340e-02 -2.171583648264973840e-02 -1.913739384592592387e-03 3.570752643429156437e-02 6.755195696985204223e-04 -9.514032316547562859e-03 -1.893380019312451007e-02 1.305759825468132303e-03 6.716645817174972041e-03 6.669024826037484900e-03 -2.146852839971194905e-03 1.715984182029795663e-02 4.666289471660114291e-03 4.558244531696160201e-02 -2.878988386751274095e-03 -1.539111710301263591e-02 -6.628966190582625227e-03 2.424346539688146743e-02 1.145648540465206075e-02 1.632008040876491324e-03 -8.241214306546063018e-03 -6.126921903417771598e-03 -4.945937285640576372e-03 2.104108442759169539e-03 3.345187032261612292e-02 7.594511009210210689e-04 5.599100769272606637e-03 -2.320953972006844970e-03 2.508877422808776514e-02 -1.248935627837482847e-02 -8.322229296193143361e-03 -5.811424207384655385e-04 -4.377719135841882415e-03 2.439168433613182058e-03 -1.130722274947284015e-02 -3.022619687812577553e-03 3.086988637681834305e-02 2.410168042092995441e-02 -1.079161109976455729e-02 4.396885122532577517e-03 -2.725384626200594816e-03 6.387053387989195634e-03 -9.331436760141502071e-03 -2.184268510209400049e-02 6.276240578804808540e-03 2.381004042105544852e-02 -3.348099586230844464e-03 -7.667395153298750890e-03 1.196980225029742068e-03 -1.224932343131195263e-02 1.470939341625963556e-02 3.854810087899405817e-03 3.047256167158233359e-03 -2.235856750589112346e-02 9.409123810308001393e-03 -7.788107218401272604e-03 -1.860086739675897299e-04 6.515860888300705617e-03 5.492925086652864636e-03 -8.761588146681442008e-03 -1.585928862513591789e-02 6.267678427633909671e-03
7.755631152845476536e-03 -6.606213032761179722e-03 -1.532382396121645353e-03 -9.979824058196931635e-03 5.517098292190056666e-03 3.451785939065203385e-03 -4.259225108924506731e-03 -1.850865240409884857e-03 -7.968163652434747182e-03 3.645356958968139910e-03 3.602047041070503483e-03 -5.442143641166390794e-03 4.481295789775928406e-03 4.628854728584111400e-03 -5.029848824647129187e-03 -5.678767130470620782e-04 6.161170785887684458e-03 -6.625464549461530274e-03 -4.845425086168303822e-03 2.888971865922527419e-03 1.220072795697625841e-02 -5.187952793753116201e-03 4.106174451049101476e-03 9.501179751304385246e-03 -2.005664626056315181e-03 -5.351112146583114453e-03 1.050256098678758673e-02 -1.062117970731180777e-02 3.352278152379339383e-03 6.410585697409751371e-03 1.983991144925502034e-02 7.980023828414648662e-03 -5.890883008919711727e-03 5.498781483813989200e-03 -3.942221959706357012e-03 -1.043735522987680568e-02 -1.319361499319279948e-03 5.342552378971032051e-03 -7.580311651762977956e-03 1.574969551196028425e-02 4.249240192338580441e-03 -7.928391639898111840e-03 -6.158428460461778595e-03 1.683713171433002436e-03 -5.365845959394238696e-03 -9.975117970318015531e-03 4.888895007133350207e-03 1.514448370953986114e-02 6.701767399800215470e-03 8.551662472143530674e-03 -5.139791940142055676e-03 5.213358434842610238e-03 4.128380229136148494e-03 -5.330605039768154460e-03 4.840080138387543689e-03 1.110408337220717377e-02 -7.873398770461351170e-03 -4.312897886218839197e-03 5.498705618521968451e-03 -6.322446571742110048e-03 -4.008891586016638531e-03 2.402224530593874939e-03 -4.634864814929401562e-03 -6.022202390584037055e-04
5.970518539792441176e-04 5.565008199841242273e-03 -1.694765988823588969e-03 2.743249455788563176e-02 1.331231567896743514e-03 -6.027423053161486133e-03 1.106435246175056959e-02 7.609933312414269950e-03 9.647894584754195327e-03 -1.182497883575079137e-02 -1.055316184654525764e-02 -6.916370146039914346e-03 -8.236934791115540708e-03 4.905643310582183565e-03 1.309834180261640162e-02 1.082458169121983636e-02 4.470437938491432853e-03 3.145495214475164947e-02 1.547324186418218804e-02 1.613070533650298385e-02 -2.584846334231539339e-02 3.007963858522218377e-03 8.239402514743457764e-03 -1.016752242075741677e-02 7.207602208269573915e-03 -4.094695503362547583e-03 -5.054199189447047130e-03 4.171718451595733679e-02 -6.457716105810368777e-03 5.513858431256784577e-03 -7.752233171499890718e-02 -4.198257735501661689e-04 1.238410280262166804e-02 3.124330101202471566e-03 2.388318068543726202e-03 3.008204244692452498e-02 8.922015404772491720e-03 -2.419251433374354845e-02 3.879086801788511618e-02 -1.635437270923488290e-03 1.545370032213676508e-03 4.978131471025140989e-03 5.687791182190413239e-05 -6.727884123827541051e-03 7.685929936710333629e-03 2.827440189508792848e-02 -3.750084861224947143e-03 -3.285823903724913869e-02 4.219307436555895865e-03 -4.482812499104849545e-03 -3.932002536325679594e-03 -1.677826344044579254e-02 1.803170023970986427e-02 -3.304134680493313412e-03 -2.807108573795641208e-03 3.995884301059325801e-03 1.053829015282633022e-02 1.616727508118510556e-02 5.004191157014979859e-03 -8.758473314774197285e-03 1.275551753728509756e-02 5.928436917595649239e-03 -7.664758467622398083e-03 -8.225167825268003483e-03
-6.222835195418599183e-03 -4.077066851646269849e-03 -4.812331447528945746e-03 3.972993591318122256e-03 -1.583993181530563054e-03 -2.395703659334548225e-03 7.848048533850182640e-03 5.028440447776106464e-03 7.464497452584886728e-03 -1.181314578170358093e-02 -1.718610476581450969e-02 7.897090470479403972e-04 -7.190027384332794633e-03 7.738764274100228165e-03 1.721388506261563311e-02 -4.925850269150570601e-03 -8.001941960096195083e-04 1.192672165099523986e-02 1.471554176910279225e-02 1.916082109580495574e-02 -1.227735538588181109e-02 7.768249108291640052e-03 2.707366359148799789e-03 -3.755336060252667616e-03 3.536094562112259126e-03 1.243351513717492118e-03 1.971462568759942569e-03 2.270611347560265447e-02 -9.368507099299538954e-03 -1.386671482012838841e-03 -2.197240081683984186e-02 2.236985504869950028e-03 7.418063823914334241e-03 -2.346306496769374160e-03 4.854985798465496875e-03 8.623804906066167078e-03 7.185783556283954938e-03 -1.451012004849840803e-02 9.556569518024471410e-03 -4.867598134168676927e-03 4.374288264267856344e-04 2.263749544585469398e-03 2.354231985609890176e-03 -3.069459138766638014e-03 7.447463217313972025e-03 6.029951446624190296e-03 -9.038575147126630405e-03 -8.929256198713554291e-03 -1.232211635611006736e-03 2.684015538243720092e-03 2.906140067943104033e-03 -6.726340677467169092e-03 4.504318973604154105e-03 3.013059043136004107e-03 -4.453880855394225409e-03 -6.063877301373716416e-03 4.950731432732162485e-03 1.577707761282440280e-02 -2.094257247031460802e-03 -1.701546523060724686e-03 6.102905098518681543e-03 4.414015155778014919e-03 -1.990593179633693907e-03 -4.731752090910458508e-03
-3.452196814808427584e-03 -1.870521329067767122e-02 -3.841252968032868309e-02 -3.720891177809458605e-02 -2.553810429545578468e-03 -8.625660766648425570e-03 -7.564673433173765144e-03 -9.931286862823237443e-03 -1.543997811873601758e-02 -5.272180843555939952e-04 -6.612573498233354809e-03 8.399482716675687327e-03 5.130782328482188029e-03 2.875332782427092448e-02 -2.130084710363171555e-02 -5.279694957359094831e-02 -6.509460801148105220e-04 -2.152946045944439946e-02 -7.039959616272961629e-03 4.561408539290025960e-02 3.505009345141200938e-02 3.104550060516768004e-03 -4.407369261148243178e-03 2.245212216432068350e-02 -9.401905183524615975e-03 4.974348819132256780e-03 3.825527950994582482e-02 -2.664396971477522857e-02 -3.993447672880466419e-03 -2.829860859501244930e-03 5.460853463737265490e-02 2.153899626155331148e-02 -5.449952951024669701e-03 -2.974659017899997180e-03 4.672940383978007803e-03 -3.451118626624670449e-02 1.898489597837859505e-02 1.143320042769535583e-02 -2.968409729922764917e-02 2.519668204288871144e-02 7.944484809927297025e-04 -1.317016440137238655e-02 -7.237831494325970040e-03 1.320617101174661502e-02 -9.715172949857325824e-03 -3.895581566509966759e-02 -3.565762368245010971e-03 3.866919550697120456e-02 4.550060451855688151e-04 2.427113088431332236e-02 9.716877511423173408e-03 1.080841056372550818e-02 -2.118454781376039910e-03 3.511626816199057456e-03 -2.416933589651226733e-03 1.028204807834336432e-01 -1.463607049228090630e-02 6.123844541839422971e-03 -7.333828312948983269e-03 2.545527378843646243e-03 -4.338890418941723087e-02 -2.463961002403181142e-03 1.493942396291620019e-03 1.272642423950676518e-02
2.914529151413895215e-04 -3.520506359280454849e-03 -1.841062223657399972e-03 -7.737013233777933693e-03 -4.370224607222598402e-04 2.399076747328201045e-03 -1.965086871448219578e-03 -2.609678451382364903e-03 -4.560779107858979609e-03 2.157410176499653231e-03 3.883962355279898301e-03 1.426055970551503606e-03 1.614325293568489835e-03 2.422654259653761813e-03 -1.084560422999292922e-02 -2.458566257688878619e-03 -4.246811898562130485e-04 -5.619407807995936525e-03 -3.935624514247811415e-03 3.913672234099363793e-04 9.507729362205648641e-03 -4.640884299746762852e-04 -1.630612079462957949e-03 2.886408746299118887e-03 -8.697681166224473064e-04 9.629278108587574492e-04 7.331071826692663745e-03 -8.570581634547144723e-03 1.232763458163952958e-03 -6.962553221556815877e-04 1.721207316714155541e-02 9.860371779167830236e-04 -2.392831545039655981e-03 -4.309016102421524101e-04 1.703409766518358464e-05 -6.306180500621249956e-03 1.457374967102204575e-04 3.729787094439863948e-03 -5.478609295457877518e-03 9.177552960976199936e-03 4.090412744146942583e-05 -7.953121602633937606e-04 3.744423752910770817e-04 1.425575901207714463e-03 -2.091100934040595986e-03 -7.868486342129112424e-03 1.314339177704840298e-03 1.060971863861106743e-02 -6.235577559756171279e-04 1.764853013234819528e-03 7.758220517481036454e-04 2.181443721539343822e-03 -1.967464819814396422e-03 6.386711228530492918e-04 2.966533323285464843e-05 8.302397125330670744e-03 -1.866354164018417094e-03 -5.650618992361374979e-03 -9.935840443986488670e-04 1.298581583211626820e-03 -4.911324609658481583e-03 -1.735760548244609904e-03 1.125883800570935765e-03 3.048874909007425350e-03
-5.321133469316818507e-03 -4.011989731625351108e-03 -1.532055329711666872e-03 -3.934723482293157014e-03 -3.062506788600063284e-03 1.189581303457545652e-03 3.430868631873531908e-03 5.344608150360976966e-04 1.535318635745612330e-03 -4.909788904404873908e-03 -5.269842451875467008e-03 4.593929777408611512e-03 -2.726314254866115273e-03 1.654870652514258463e-03 2.273849697782865872e-03 -1.575454276293448194e-03 -3.366440387245360401e-03 -1.222070062724965860e-03 3.608136833115221844e-03 4.932672950747356636e-03 -2.971771220699917764e-03 5.203035460216628647e-03 -2.633155596351632877e-03 -2.290038039786050639e-03 1.678099467641488854e-03 3.395677350242675297e-03 2.351423475947871013e-03 4.634148950442631976e-03 -4.436578242829338284e-03 -3.620134726538977964e-03 1.429408336713640110e-03 -2.294887370683065201e-03 2.526933040613497244e-03 -3.547518777450749117e-03 3.827321930486941685e-03 6.389441478991324079e-04 1.397719096263746932e-03 -3.426747808568482954e-03 2.418744708933001728e-03 -3.781779508709600356e-03 -3.096492293192905018e-03 2.784857463592420486e-03 3.121360513784201922e-03 -1.125042463320292648e-03 9.721459572394855909e-04 -2.839344555202175189e-03 -4.300931188850538531e-03 9.080562895809529342e-04 -3.627395866812120617e-03 -1.268448237048411427e-03 3.753161756050484021e-03 -2.678638380915209644e-03 1.144607211510256534e-03 4.146898769440963625e-03 -3.692338240305795966e-03 -4.408048107447343905e-03 3.359289626437010449e-03 4.231714203888208535e-03 -3.960559819137057444e-03 3.237612627538531945e-03 4.093764810306939339e-04 -1.108168349689742527e-03 -1.272268947980013292e-03 8.931259917226029490e-04
1.013575913026455548e-02 3.214073254830659195e-03 1.400966164198335154e-02 5.619538373249449888e-03 1.289261849437213329e-02 3.536170718243622502e-03 -2.022592818277843627e-03 1.982963599834855484e-02 5.829714727414286521e-03 -1.525330743291364961e-03 -3.840894549679823005e-03 -1.852551770980420676e-02 9.338767760283753910e-03 6.017731598068516707e-03 9.073133461466161009e-03 -1.821545227970512628e-03 1.426598779059369028e-02 8.378409927927110007e-03 2.468251679812327390e-03 2.590405634463870815e-03 3.970945018449162367e-03 -8.760472110565948808e-03 2.200377897289290327e-02 1.064318128095704044e-02 8.914730072963630847e-03 -1.418412190176866414e-02 -6.232431819025330277e-03 -7.483223950142111475e-03 -8.775652623912247059e-04 1.502573889692442738e-02 3.309237088908911946e-04 1.738129833002874033e-02 -1.082375308216705634e-03 1.142597088608870472e-02 2.679692293584394654e-03 -4.328379050624726887e-03 1.403568312284218626e-02 3.126180165548912791e-03 -2.351816540333199340e-02 8.478282290047338757e-03 2.018300788440999596e-02 -1.107366958804264709e-02 -4.951369296630585282e-03 -1.532420401205631007e-02 4.126971201726882706e-03 4.845042826538479078e-03 1.064535968572771166e-03 3.316630484200989298e-04 1.563193202464401715e-02 1.376650560372393028e-02 -1.414129769588142252e-02 1.106811838973229163e-02 4.850394054261099146e-03 -1.453478795399847784e-02 1.992646663647657922e-03 -1.364309347689798314e-02 -1.406222977040242142e-02 5.366648132194251977e-03 1.156269810349829473e-02 -1.965960780628488863e-02 3.967240497357822811e-03 1.869139978268842539e-02 -9.751284594527302209e-04 -1.918302095326899701e-02
2.199189721505109395e-03 3.352733453688361287e-03 1.500894528886604230e-03 -4.785147931225275722e-03 1.487028997055579640e-03 -4.299517314648627561e-03 -3.397003553841960576e-03 -1.997679677265581759e-03 -3.055366625648821277e-03 3.839472323003822064e-03 3.967069790645248208e-03 -5.411023854186880781e-04 2.825505670810450880e-03 -1.789985374333941896e-03 -9.662482653934051022e-03 -5.530675924857713505e-03 9.465432575012063324e-04 -5.249282466718374965e-03 -3.526978219276196650e-03 -7.245264568571474148e-03 8.002920450578697789e-03 -1.730453519648818619e-03 2.125210430062844267e-05 4.957597351236343181e-03 -9.408822970860546316e-04 -9.057349771586231668e-04 1.858394673808408783e-03 -1.047363534924836831e-02 1.823930253113919013e-03 1.103597748807045665e-03 1.761197146968171076e-02 3.471400473415395781e-03 -2.850295698104504411e-03 7.034928339759794272e-04 -8.985661821686504467e-04 -8.584894916314148722e-03 -2.250583442312694728e-03 5.726673017290345204e-03 -1.148760450488391267e-02 5.305731862966273256e-03 1.837449170523950759e-03 -3.022284154783093108e-03 -8.907615098290929019e-04 1.648768687006695998e-03 -2.161294654208579906e-03 -5.406801248443465595e-03 1.602954007829495049e-03 9.587251640311758236e-03 1.363459636142600861e-03 3.538538170877216817e-03 -8.132574171515693194e-04 4.976241960261408755e-03 -4.210197724280473862e-03 -8.912341748683820074e-04 1.176378048855736356e-03 2.803536659631960734e-03 -5.030963278481518502e-03 -6.183289199933337914e-03 5.143247748101999715e-04 -6.734278043530573469e-04 -2.870172028692878630e-03 -1.251243043324580550e-04 1.741386020498495845e-03 1.726429913861444879e-03
-6.449952286550411987e-03 2.447554524807285525e-03 1.436587202719912665e-02 1.312684362763472459e-02 3.576998474043562720e-05 4.715572442792540821e-03 1.238043514880960740e-02 1.464926796274777787e-02 1.047761918524058380e-02 -1.301290053003976294e-02 -6.510792217744410665e-03 -1.609548238753753455e-03 -1.495786296832753940e-04 -2.386618352090429801e-03 1.315713922483868412e-03 1.637954930521085678e-02 5.254862668689925381e-04 1.344492136128504906e-02 8.707205933204120729e-03 -2.225610646615468029e-03 -1.855947828763423665e-02 5.612387976599955350e-03 6.462636150285844434e-03 -9.249566990579447326e-03 1.455529574783411342e-02 -1.110945758369050618e-03 -1.143885667733199676e-02 1.668235318263004696e-02 -9.285768260196346907e-03 5.436697015343888370e-04 -3.702304648570856754e-02 -6.159561234105104255e-03 9.146680698526740705e-03 -7.110844455692263283e-04 1.155209971526904855e-02 1.755871178819678677e-02 8.383634119301206986e-03 -1.085239845388158951e-02 1.180712037081136159e-02 -1.105096259705948269e-02 1.062478439844150632e-03 8.357876168583945609e-03 7.801397992956770472e-03 -1.688858185315794333e-02 5.809829002677889022e-03 1.674748297928991408e-02 -7.213370986316717734e-03 -2.183162630819582631e-02 -1.208809980762537515e-03 -8.871806437949745355e-03 -2.730047622490021971e-03 -7.414236767767533841e-03 1.160099817718107836e-02 5.771080800119699275e-04 -9.163817748959093845e-03 -3.839867837107217852e-02 8.256256910681873673e-03 1.070902846585434880e-02 -6.633640966055057674e-04 -4.157936372278703621e-03 1.782758794833466665e-02 6.022487988057842120e-03 -6.303498159081254507e-03 -9.914772111229057730e-03
-1.539580514218616240e-02 6.740183502923997871e-03 -4.689327796043462129e-03 4.883217765777899885e-03 -1.072744612317326658e-02 -1.032288927487817753e-02 7.351196657640821086e-03 -3.991343687567394140e-03 8.809999328215826694e-03 -7.499234005524746047e-03 -9.167546934090093844e-03 1.464451546604458518e-02 -8.248805273415222433e-03 -2.428208812812147725e-03 1.797782899648965507e-03 -5.967646994312378154e-03 -1.216665819449175116e-02 2.681686202968439764e-03 7.216823530717193964e-03 2.261523501566940850e-03 -1.345957735088667076e-02 1.263723164750038888e-02 -1.199805784918578019e-02 -1.177940286067643422e-02 9.009896302415798877e-04 1.234077914375437610e-02 -6.427864615349621231e-03 1.341839943945414768e-02 -8.455719221642550229e-03 -1.363307771083014860e-02 -1.688271935422180209e-02 -1.192844399138064636e-02 8.041454182477487944e-03 -1.200542388838720699e-02 7.332560879443132153e-03 8.601134893183495778e-03 1.777642930475124318e-04 -6.869957145101087716e-03 1.046442003027533638e-02 -2.414064302474846005e-02 -1.207380086835184441e-02 1.204870683326823670e-02 9.715975416147947658e-03 2.312255952186306404e-03 5.151526166866807720e-03 6.209662067603292229e-03 -1.017581167635667194e-02 -1.534802829726598927e-02 -1.363275700961074678e-02 -1.117035592958004475e-02 1.255472326075176941e-02 -8.047280526637634948e-03 -5.419411424118827578e-03 1.277131561587242087e-02 -9.340675661212240882e-03 -1.192385720280978237e-02 1.230321719603200137e-02 8.536181581316198627e-03 -1.262425425777116347e-02 1.372600176033137581e-02 3.610338596327208362e-03 -8.210561062059718376e-03 4.887524442789530597e-03 7.761317521019898448e-03
4.238585235653202690e-04 -1.261731602014527949e-02 -3.385158541908635244e-03 -2.608858279045396175e-02 -2.405050872528222139e-03 8.342413151180469097e-03 -5.202574722324057946e-03 -6.138697357828690540e-03 -1.344478005091825565e-02 6.140493315652166204e-03 1.121112826694188949e-02 5.201263135229743442e-03 3.850346456993374283e-03 5.402057018728180504e-03 -3.075964074278481064e-02 -6.468433821733556195e-03 -3.681705927252477018e-03 -1.791031272613990977e-02 -9.743704325297147459e-03 -2.822362053161185658e-03 2.868450050276383917e-02 -7.681294347440456582e-04 -4.266150034431218097e-03 7.657154838652901682e-03 -1.087445721268124037e-03 2.891627213025248395e-03 2.397765851598862227e-02 -2.514381769777358083e-02 2.972872514618438676e-03 -2.473048382392181548e-03 6.409353738372579323e-02 1.724509261386809270e-03 -5.900969447562774001e-03 -2.661802858743601841e-03 2.480176975605774287e-03 -1.979808853343991565e-02 9.955671648426106350e-04 9.385810135440902924e-03 -1.555122061143408667e-02 3.121658196466598270e-02 7.905736356124597273e-04 -1.985714194858834766e-03 3.426156018196961379e-03 4.008202319618020190e-03 -5.054914401856966735e-03 -2.916253416363167802e-02 2.473669328698769980e-03 4.046885784895633970e-02 -2.518978716890636540e-03 5.185101178985198310e-03 3.189771748128971199e-03 5.221649655790700471e-03 -9.287513998156499140e-03 3.434429621805810528e-03 -1.898487586184339484e-03 2.290614636149989475e-02 -5.057465594812385681e-03 -1.729331836935629405e-02 -4.157124253839598535e-03 4.605192392527270376e-03 -1.829955276686691390e-02 -4.261379561814732791e-03 3.194871049165247997e-03 7.896571181423723065e-03
-1.170371237054748789e-03 -4.927484563592446354e-03 -1.292466293500357192e-03 8.723490849525271287e-04 -1.199919685703127771e-03 3.944637845462416192e-03 2.654444408025681979e-03 1.557685484731969304e-04 9.627810454236405534e-04 -3.060040781176452934e-03 -3.471831566509772996e-03 8.317181934924589883e-04 -3.457042509067718983e-03 1.788079462981547016e-04 7.686245745796994877e-03 4.628772248141875718e-03 -7.783792793599416966e-04 3.095635780903663575e-03 3.925685616197418550e-03 4.230098990089293381e-03 -6.124040289035001527e-03 1.977488679931254864e-03 -4.295658185816296428e-04 -3.101285427113056794e-03 5.521891917934561387e-04 4.910834031338355728e-04 1.084800963186187623e-03 1.021664083779306835e-02 -1.808921641865997212e-03 -3.893567598095658408e-04 -8.463112178713210962e-03 -2.154453686425915858e-03 2.462324685389234193e-03 -5.985501453791827525e-04 7.862513622866574518e-05 5.975681242391860104e-03 -5.282321385267182067e-04 -6.285655956208859724e-03 1.115989406743681314e-02 2.295890352413664523e-05 -1.624927137360029786e-03 1.397376296955623806e-03 4.744568187436588608e-04 -5.564544579916838661e-05 8.673983509225407194e-04 1.677696503887966080e-03 -1.558027429735961682e-03 -2.462190720354317380e-03 -6.976179248126188320e-04 -1.788083593761573969e-03 8.872749743244184167e-04 -4.976981691145539351e-03 3.598157174188364085e-03 1.073439008538521703e-03 -5.827501125137071617e-04 1.045696868516399463e-03 3.850581757286140102e-03 3.820926313806650900e-03 -2.230178439821861093e-04 4.882678038150878069e-04 1.864451286862027664e-03 3.834676168153411738e-05 -3.156056788631681626e-03 -8.711547432592922895e-04
9.959764616278923149e-03 9.827283758983111628e-04 -2.515679591941991349e-03 9.638580074933151588e-04 2.992893810129536748e-03 3.388732369341192815e-03 -8.963851173599383243e-03 -6.771834750251330692e-03 -7.653316504241560250e-03 1.271684675136155150e-02 1.289770456793597891e-02 -4.453331619885583445e-03 2.947019544031151666e-03 -4.038925208735697631e-03 -2.691926894360451017e-03 6.492807030424827333e-03 2.764333250933797073e-03 -4.099265917786068872e-03 -9.299436969720945370e-03 -1.038268853045771350e-02 8.765941044534611426e-03 -9.685987200823954757e-03 -7.249954852934041832e-04 2.697132787884218025e-03 -7.996198727012444538e-03 -3.903412947088969950e-03 -1.970079415621484725e-04 -1.038029303644756769e-02 1.133013485626546690e-02 3.770495679677757662e-03 1.072289754062394004e-02 1.536064489835644448e-04 -7.043266496604065445e-03 4.673089338407483521e-03 -1.045896737528997575e-02 -3.323416012662353848e-03 -8.209614818349871002e-03 7.368038321965179709e-03 8.915345867707069258e-04 1.106412102733037549e-02 2.071748481285174033e-03 -4.650582108999518939e-03 -6.355230860398927359e-03 8.721171244965462629e-03 -4.719641589841432755e-03 -2.148760712547257302e-03 1.001367561360479858e-02 7.258138395666512491e-03 4.181879702282060955e-03 5.117508227736860399e-05 -3.747448575645462299e-03 3.275481283854672198e-03 -5.209114947848498406e-03 -5.336343675267635547e-03 8.764413692082757834e-03 1.501618594098783933e-02 -4.167861893275889157e-03 -1.285208512798181532e-02 5.448057928180963586e-03 -6.430311904915093565e-04 -6.064788028691850755e-03 -2.728506965303362317e-03 2.618677872681483311e-03 3.187130156656858750e-03
1.166991967138042430e-02 -6.374988851779546037e-03 1.322039976164427616e-03 -6.639193645701082711e-03 7.713220377959820358e-03 6.278924715827881309e-03 -5.421868192342133366e-03 -3.129551037547325765e-04 -9.588196908323950995e-03 5.642014505935000375e-03 8.022258203128603340e-03 -9.339264955518797665e-03 5.958836126277441969e-03 2.474620306199559923e-03 -7.060871196752281816e-03 4.514246708013464233e-03 8.744814196405669565e-03 -4.208710448643009083e-03 -6.555592750186679980e-03 -7.600633828029508543e-04 1.220936908800259249e-02 -8.640903814100932626e-03 6.919815005227744620e-03 9.990881674542663113e-03 -1.266335840049821098e-03 -8.653618622924573109e-03 9.942140047267613787e-03 -1.063804994665707056e-02 6.161290156381438871e-03 9.774632468117487594e-03 1.646928838262096129e-02 8.543022201710442562e-03 -6.582692733670459685e-03 8.388695037038033930e-03 -5.843689863771434588e-03 -7.930493868627194742e-03 -2.470020602818830298e-03 5.100960040467620443e-03 -4.590413692658509327e-03 2.151140908799548113e-02 6.609152995009031847e-03 -9.298537356790249203e-03 -7.783073157455541388e-03 3.465485204132579683e-04 -6.079050674917274751e-03 -7.660628823665183856e-03 7.937131911419210983e-03 1.543798286160387445e-02 9.628139315376047294e-03 8.214041541732455820e-03 -8.757236604298859056e-03 4.906001379601230769e-03 6.246140071872643973e-03 -8.376916382152994889e-03 6.944977088689863361e-03 1.472494016765385320e-02 -8.814129642879021259e-03 -7.200774009653226199e-03 8.972586408845219241e-03 -9.613356189740280763e-03 -3.442836227423117998e-03 4.013222720990821182e-03 -6.365426470172228825e-03 -3.051393775631216273e-03
2.614127360670195476e-04 7.305848740765574952e-03 2.592852566651788516e-03 -2.891617924691612749e-03 -5.359499635142151103e-04 -3.962180479201726953e-03 -4.583245448132613163e-03 -3.295701700645342798e-03 -2.957262693387670630e-03 6.184859000471669595e-03 7.655618024244253625e-03 1.772548034340716561e-03 2.883826048050052576e-03 -3.167330873906427143e-03 -1.375427890156787590e-02 -5.713026495074400267e-03 -1.910815066362819489e-03 -6.692441382401476298e-03 -5.976208231217777778e-03 -1.046263081694735232e-02 1.191051406510160691e-02 -1.877548205457535684e-03 -2.429118744650713996e-03 2.454639130873286380e-03 -2.521099806530164439e-03 1.785606726587501449e-03 3.170113842931342792e-04 -1.738622809798586952e-02 3.853129175683612899e-03 -2.307317612615295433e-03 2.659396369862811194e-02 -4.510803071527066683e-04 -4.678575670407067455e-03 -1.872902050961953698e-03 -1.133131741625425896e-03 -9.446503472191260242e-03 -2.053892137866324998e-03 9.241472881903039019e-03 -1.648699088872404572e-02 4.836758081131359473e-03 9.573111305669837348e-04 -7.210286471048083998e-05 1.552265943005922853e-03 3.036054623903594422e-03 4.138294937552480573e-04 -5.990638840033415610e-03 1.896626917728626814e-03 8.942708474225298521e-03 -2.077172796699740861e-03 -2.435742595016522453e-04 5.753121727715665001e-04 6.700407505738218902e-03 -1.157415926578536647e-02 1.239324447258129385e-03 6.623014130242403652e-04 -1.820853502075123111e-03 -3.065024980130837996e-03 -1.056039626079818307e-02 -1.998739883986724343e-03 3.030714165873089026e-03 -3.461330623317907581e-03 -2.576461981176472911e-03 8.574516087215780513e-03 3.462601673684548298e-03
3.235214997731750228e-03 2.106348397765732319e-03 -4.874909068848976186e-04 -1.042980427701088036e-02 2.910061360250520198e-03 -7.021981300254243399e-03 -4.712928359872085166e-03 -2.073832076001606763e-03 -3.806419402564537383e-03 3.948049049308347686e-03 1.712242201535583899e-03 -1.353234758775502750e-03 4.160311939053185776e-03 2.148924445237170890e-03 -1.095772018641402029e-02 -1.309733260882073314e-02 2.711269314508264576e-03 -7.693874839105791646e-03 -3.326021321014544993e-03 -2.339010971311400542e-03 1.354391960077551416e-02 -1.511124185441858241e-03 1.438355508242137280e-03 1.078057689830359475e-02 -1.204311030396530355e-03 -1.782207703167019031e-03 6.727244086467336175e-03 -1.469201901617736214e-02 3.020406717206662334e-04 2.678359399390175394e-03 2.823091746551731340e-02 9.169737153755748438e-03 -3.821620254565631994e-03 1.505361457349862608e-03 -9.245643168627937138e-04 -1.578515487521192640e-02 -1.534518744329459302e-03 7.773107355274237566e-03 -2.148821202690684440e-02 9.407993748498676145e-03 3.357279420438076187e-03 -7.079653837375823183e-03 -2.832646569417268841e-03 1.903430882412069421e-03 -2.681126207898431365e-03 -1.118189042872524269e-02 1.027665654357945522e-03 1.661137338850560835e-02 3.483739814990051593e-03 9.363998010888892332e-03 -1.156008691290287636e-03 8.177957160376895379e-03 -4.544013109796589747e-03 -1.698048977334171237e-03 1.889445878035502391e-03 1.052781072987482754e-02 -9.888935129616284458e-03 -4.852611974971929309e-03 1.008257518721844591e-03 -2.771468465816961414e-03 -6.169994715529260668e-03 1.776117491775097874e-03 1.847725922591348085e-03 1.784292317883475875e-03
-3.117418072839380633e-03 3.370096258003049423e-03 6.250622918738544392e-03 1.114330459591435923e-02 -1.226040456263055621e-03 2.117886692603726789e-04 6.241578565770567778e-03 5.504339471593957048e-03 6.779425048518647814e-03 -5.955634295697166854e-03 -3.619716290157903166e-03 -5.299108127222187069e-05 -3.123119764592480630e-03 -3.350135585494106501e-03 4.639391234079738753e-03 7.907485416276135645e-03 -9.606186823376919879e-04 1.001079057479932130e-02 6.208348801977746183e-03 -1.625563864703992011e-03 -1.363298021756394370e-02 3.216489267911190955e-03 1.437428919810349341e-03 -7.032894658221553255e-03 5.456401501736854801e-03 4.240659164925884720e-04 -7.258913330969398239e-03 1.491227801336948537e-02 -4.038868499209908799e-03 -8.629446830687911288e-04 -2.681705003212947122e-02 -4.876824516916313662e-03 5.945128243551806371e-03 -1.344267025590008095e-03 3.542963291131940706e-03 1.275621885414144480e-02 2.336839136118387672e-03 -8.538405463836357123e-03 1.180100206149096130e-02 -7.712192020657294110e-03 -8.221643851687615882e-04 4.967140246379122062e-03 3.909155262249478305e-03 -6.037422883517364926e-03 4.146609007416869087e-03 1.131383303980402523e-02 -3.589955337799028909e-03 -1.570552525396523916e-02 -1.857559130812071191e-03 -6.063417027322602279e-03 -2.548766563829559808e-04 -6.242863646985819491e-03 4.123632573865020946e-03 1.353628081192378941e-03 -3.621918236720910247e-03 -1.302148416167614106e-02 6.661277276142013072e-03 5.932043371417309793e-03 -5.112292255205179306e-04 -5.176738864428526762e-04 8.356717636452961132e-03 1.714234575349480975e-03 -1.926930030117956615e-03 -4.041192037224548839e-03
1.380395465699442957e-02 -7.665264658167227942e-03 -2.172764922845941797e-03 -8.755008579033517202e-03 8.682398989589312430e-03 7.280239775397417262e-03 -8.659795975133985357e-03 -3.281839682800556483e-03 -1.134203807346387781e-02 8.974984829686411675e-03 9.328728899911408953e-03 -1.031875784489162846e-02 6.975374943485770744e-03 4.457095887037178412e-03 -5.849075192159676646e-03 2.259441238332058136e-03 9.618404241560704268e-03 -6.491583001676405965e-03 -8.857716449429609701e-03 -3.328911585493581939e-04 1.688583745701527361e-02 -1.100548923286633930e-02 6.461692221231014194e-03 1.187363098687673618e-02 -4.861179446930034842e-03 -8.888254776637861607e-03 1.048917822288468644e-02 -1.542312695866861205e-02 8.731720640640703787e-03 1.027719619708020865e-02 2.246763021063050841e-02 1.038023142939228233e-02 -9.317425557031326286e-03 9.519028874804762175e-03 -8.733541128438805645e-03 -1.145908460737197349e-02 -2.672150349494153108e-03 8.131693785473955577e-03 -8.014696856855428597e-03 2.370726443177090942e-02 7.443451865329320585e-03 -1.116388843787555207e-02 -9.820833485589557446e-03 3.975713725754321734e-03 -6.739414191203441096e-03 -1.034857233393481242e-02 1.008444322301316198e-02 1.823706846475826870e-02 1.076551111621952897e-02 1.059041374996693222e-02 -8.688743788261836520e-03 7.365321967045715401e-03 2.960875994689216376e-03 -9.839282583194232032e-03 9.313232728651385170e-03 1.918464108896122261e-02 -1.113391933476753221e-02 -9.720030578602937427e-03 9.939424659782791424e-03 -9.152497699992245481e-03 -6.703556842207672797e-03 3.146117509231040072e-03 -3.785908590892842623e-03 -1.164556844626607121e-03
-1.959647479430588063e-02 1.199424322758026705e-02 2.100546146589763255e-02 1.885216742937938922e-02 -5.360536500071193602e-03 -3.579998033042776449e-03 1.949403693788608755e-02 2.702013550625245383e-02 2.474173117629328150e-02 -2.344264402955261589e-02 -1.620998892563631916e-02 4.356147372141355376e-03 -2.094349265651867381e-03 3.461460267099607160e-03 -3.504040353407341518e-03 -1.208079535769402725e-03 -4.608174675145253543e-03 1.904092425608902572e-02 1.582555405565550660e-02 6.110857444090636581e-03 -2.153169805330354403e-02 1.378047140916464561e-02 6.725128901500558587e-03 -1.268427347269127786e-02 2.371036374486581652e-02 5.519943886506740657e-03 -1.639340182744487839e-02 1.799385594580819175e-02 -2.063515720038156670e-02 -7.613362136072921414e-03 -4.507605820139355679e-02 -6.609876364720591174e-03 1.799184264868926644e-02 -8.568819588169657164e-03 2.571314784721756910e-02 1.812089408556941117e-02 2.663511781106555829e-02 -1.270035166209608664e-02 -3.878218503384414997e-03 -2.642926204359098696e-02 2.625190192265431776e-03 1.448398875410337495e-02 1.922803264289731431e-02 -2.936785328643398696e-02 1.514770141642785353e-02 1.843026780276050755e-02 -1.951520883880271395e-02 -3.598952935057125185e-02 -8.738939765352306960e-03 -9.534906433910458889e-03 3.078861728443892890e-03 -5.703137864330531243e-03 3.252856489007839146e-03 6.857469513457272944e-03 -2.142314464685671910e-02 -4.218507673570911359e-02 1.127626199716793599e-02 2.276892259041413819e-02 -9.859280931840446599e-03 -1.043206327111479911e-05 1.260803426320824747e-02 8.811724612413305777e-03 3.214991836477959324e-03 -1.257904777580554079e-02
-8.155545934341013568e-04 -2.166408834839203285e-03 1.197546832786315889e-03 1.114980463322544184e-02 -8.743556426796904443e-04 5.062037238033100309e-03 5.755800052273421855e-03 3.040902598599665337e-03 3.653939502630419636e-03 -4.788110846658668457e-03 -2.805371609040374636e-03 -1.237702003199663654e-03 -4.260572922140214679e-03 -1.243603038632602568e-03 1.011851501659231239e-02 1.306527554867721076e-02 2.581068118118668331e-04 1.179306702281708759e-02 6.437613239813490262e-03 3.653638003610251705e-03 -1.338361734737917967e-02 1.310544692874433467e-03 1.129484987050524691e-03 -7.321588253805646172e-03 3.092172558672331290e-03 -7.081784239631142442e-04 -4.013972151807623963e-03 1.875331465368349632e-02 -2.141731870389667475e-03 8.318697857335082598e-04 -3.204484803252954928e-02 -4.684504507307544856e-03 5.335066919670365324e-03 5.567881338217818988e-04 6.575482144196932504e-04 1.579528971820388927e-02 7.510530306125036415e-04 -1.083862119685331110e-02 2.145625943174601577e-02 -2.199251537331184912e-03 -1.733370872405316961e-03 4.105739497613954993e-03 1.037760748676607673e-03 -3.424264763896297560e-03 2.982920506528179225e-03 1.120873676914337438e-02 -1.406033054985720947e-03 -1.463804039427809948e-02 -3.798447213594808875e-05 -5.986010579582355141e-03 -8.458266354619877608e-04 -9.180951816869070345e-03 7.904288684098875403e-03 -2.656928483983401774e-04 -1.448509888889617462e-03 -3.167545041247288480e-03 7.204610281828118315e-03 5.613252646349686445e-03 1.302208972843615573e-03 -1.057031470008507534e-03 6.297479535872794847e-03 6.870211306075784709e-04 -4.601043744654519443e-03 -3.146861657021353918e-03
-1.796791383715942714e-02 2.286755403146497473e-02 1.546665107446469622e-02 1.821249977272861378e-02 1.777565122837715741e-03 -1.698979498403120625e-02 1.339306907703162464e-02 4.776830751484612003e-02 3.810329285435522240e-02 -2.714064645965872866e-02 -2.004038000008326326e-02 -9.841942799132467889e-03 1.004318488335576021e-02 2.999525427244047193e-02 -4.490037981390305501e-03 -3.447475269258186426e-02 4.141146900707571091e-03 2.153367057980958357e-02 1.273804086418913947e-02 4.010628695014445411e-02 -8.684222717469068653e-03 1.026351194723473803e-02 2.970398543855615886e-02 -2.270700582651229843e-04 3.039624203856009302e-02 -1.313729884152217177e-03 -1.226556815406000187e-02 1.372931483834854971e-03 -2.330513520635756064e-02 3.138671640060229640e-03 -3.570646665951152099e-02 2.329358664244302740e-02 2.050764983599250024e-02 -2.466168294197256319e-03 3.638463429706545460e-02 4.552671142624746536e-03 7.400555639277582587e-02 -6.179998904969848973e-03 -6.888570737153526524e-02 -2.520854123747719860e-02 3.606014003362024989e-02 4.822747782113952220e-03 2.019945167581063336e-02 -3.853592466132137184e-02 2.020751652357767603e-02 1.044751303327703593e-02 -2.329800963885075848e-02 -3.894078847049049080e-02 3.218311093915131489e-03 1.546484967149711412e-02 -2.441688673949578021e-03 1.253022562145299397e-02 -1.631397768572804066e-04 -3.095561274185763649e-03 -2.544247875239237858e-02 2.448572262743302363e-04 -5.610394870289312289e-03 3.340889359548464277e-02 -4.472935465709786639e-03 -1.669842433808232593e-02 -1.314769637406594353e-02 3.468575774313473192e-02 1.266048810071039241e-02 -2.896951031731605578e-02
3.329685684259562403e-03 7.068461382596584464e-03 2.201415925253631493e-03 7.187854444282236032e-05 2.270869599336942934e-03 -4.848546592525849151e-03 -4.766024163216477441e-03 -9.082352718483144424e-04 -1.217998522959977490e-03 5.942510107849871201e-03 5.743410401146170977e-03 -2.114974961172117526e-03 4.671205967139532844e-03 -3.313254910132963638e-03 -6.510585176540770874e-03 -4.814150801183686781e-03 1.932022428739552577e-03 -3.976526639785012487e-03 -5.663872433537693075e-03 -8.773909102024111256e-03 6.623473515088163475e-03 -4.207585037983335892e-03 7.771279496856798837e-04 4.570687166178744737e-03 -1.715012804510925243e-03 -1.716399951477189101e-03 -4.700460064368829766e-03 -1.316550912800122652e-02 3.727393175423292064e-03 1.879076786224376976e-03 8.842872825549012716e-03 3.423923467476194631e-03 -3.483450460124119276e-03 2.005595878103225323e-03 -2.111494240256190161e-03 -7.102590650906507284e-03 -1.907313380158858493e-03 8.807222756122527405e-03 -1.318344009343244694e-02 -1.316159637028535730e-03 2.336389411366272990e-03 -3.279866471124387971e-03 -2.208827800278930810e-03 1.135526247255557158e-03 -2.191728947394979733e-03 -3.907493602831940346e-04 3.372486463398941241e-03 2.085441659678839710e-03 2.402930019992042913e-03 2.206201394593156409e-03 -1.837069157263936233e-03 6.880024896965302589e-03 -4.410714683432402292e-03 -2.949893998427385346e-03 2.477968719462037787e-03 1.930843925457158619e-03 -6.122465992904569006e-03 -5.837108184287075757e-03 1.396190081268203166e-03 -1.120596199056574788e-03 -2.779887245991323648e-03 1.004983179349929747e-04 3.450112934621967897e-03 9.528271467514497000e-04
-5.148489190796518358e-04 -1.018679275079836799e-02 -1.999981418999876529e-03 -4.894037832258888929e-04 -2.487493955705166390e-03 1.113588203772105517e-02 3.031984274435497485e-03 -2.255712282095394781e-03 -2.786531730728750589e-03 -1.735629775988484875e-03 1.079442599915246288e-04 2.202029944588510153e-03 -4.987315724813074121e-03 -1.076844335038024862e-03 6.725716559548162651e-03 1.333268985430773740e-02 -2.409329971290840710e-03 1.615534836025226545e-03 2.582847492931652188e-03 2.773315403954940833e-03 -5.363539339007435472e-03 1.587211205324529995e-03 -3.202440984244450239e-03 -5.842198450439774725e-03 -1.159375002004128016e-03 1.263820584592823502e-03 4.910245041069617039e-03 1.159613663799239497e-02 4.882776998714355053e-04 -1.563553333507685522e-03 -5.051541266235866356e-03 -7.138034557426013033e-03 1.320668735416496032e-03 -1.208047239999491488e-03 -1.887813572618609118e-03 8.501796559300549283e-03 -3.873378584353992082e-03 -7.457981492966047135e-03 2.114522212568733031e-02 5.885247822822207639e-03 -4.347103891323438399e-03 3.566139104256584556e-03 8.135430132435613176e-04 2.038196916196555186e-03 -4.586703991054067613e-04 -6.305843107751640721e-04 4.795187244658044709e-04 9.410858920653297332e-04 -2.560490120527788606e-03 -5.680283597639144283e-03 1.081269804854637518e-03 -8.352997921387004046e-03 3.783882167897978203e-03 2.381948821964484375e-03 4.584156067410172317e-04 6.753331319441970709e-04 7.406818718929420245e-03 1.433236653416810518e-04 -3.391589861422447888e-04 2.926704359245676634e-03 1.960104180030553672e-03 -3.215233620835926572e-03 -4.291241005932373842e-03 9.935999108930740342e-04
5.334920970425803457e-04 -5.824389444949118477e-03 9.042790497872146274e-04 -7.866435308700079135e-03 -9.861307247402419877e-04 6.974021041639692081e-03 -1.248048686380704092e-03 -2.108335382234770555e-03 -5.484549262967360582e-03 2.382883325564870772e-03 6.749391264427750947e-03 1.836017689530293007e-03 1.664735749971264864e-03 1.180094346746824634e-03 -1.341266145664424779e-02 3.245979132638163438e-03 -9.350511251863915293e-04 -5.728187400573273372e-03 -4.475914459859843889e-03 -2.471532952024020624e-03 1.037152067020486075e-02 -8.872550421103204271e-04 -1.947026274404669698e-03 1.430756588501844086e-03 2.590358137038293760e-04 1.042764768815843948e-03 8.938651621453332086e-03 -8.832864603016273367e-03 1.714298543433714428e-03 -8.828343752665425426e-04 2.071969183996754879e-02 -1.673532649825202039e-03 -2.272199681644596157e-03 -6.499708509128381689e-04 5.307049041686797124e-04 -4.608717264524700777e-03 8.818277104003809487e-05 3.049939450487920613e-03 -2.498177123456602443e-03 1.389431292416017788e-02 -4.692858299606924612e-04 4.736299972440702419e-04 1.795972189615985520e-03 1.986885077431203676e-04 -1.734965698809198646e-03 -9.765062860966742045e-03 1.750685718966769888e-03 1.285532399408187768e-02 -1.079855941384758131e-03 -8.991259244665582859e-04 3.905733897980420049e-04 5.137876228241951369e-04 -2.322104583966773557e-03 1.047367308530530771e-03 -6.349048597530466877e-04 6.895047576973825990e-03 -2.425323014339132591e-04 -7.819946789694571382e-03 -1.137740638324534872e-03 1.886392073783646267e-03 -5.254602908352543934e-03 -2.337026191315592569e-03 5.962515722569271823e-04 2.988431853132176175e-03
2.769331085954502419e-02 3.364487591251229606e-03 1.715883736216453764e-02 5.879699246926444953e-03 2.735822106754271302e-02 7.835349912355564495e-03 -1.270275177979322302e-02 2.745197076161404182e-02 3.651525926491247520e-04 8.892874057307886132e-03 5.734241527790036666e-03 -3.936152386681351922e-02 1.810508139749933063e-02 1.970812731972069326e-02 2.613451283575912894e-03 1.335591697487837140e-03 3.006268123051113184e-02 1.378021876178662890e-02 -3.837974848123465628e-03 1.672232819465642797e-02 2.314309818637464919e-02 -2.313448086572203466e-02 4.119476326420044160e-02 2.324936401617710285e-02 8.830177188565298610e-03 -2.917997909299151205e-02 3.457371616644961971e-03 -2.036365531609882207e-02 9.234423851618503432e-03 3.155275702012211303e-02 1.087250896863755853e-02 3.881878028541595888e-02 -9.035273809086592778e-03 2.563824418561943055e-02 -4.525817442504083410e-03 -1.282459646867401340e-02 2.130329149233972652e-02 8.032302394419023328e-03 -5.117869515502787570e-02 3.979456491675821550e-02 4.359961171530761515e-02 -2.514548186626952564e-02 -1.506338308466087690e-02 -1.847172684928894207e-02 4.424628635199150117e-03 3.193592703940572805e-03 1.201880746937094083e-02 1.185427536577648294e-02 3.260846851930343515e-02 3.202393718586900306e-02 -2.897271026471522765e-02 2.296754224514047787e-02 6.824139934108273270e-03 -3.142392756471500126e-02 1.270552896734839302e-02 3.892058671494332683e-03 -3.036293730177128114e-02 -6.137594322610790201e-03 2.728406619145347378e-02 -3.850675993599454033e-02 9.399839986094192523e-04 3.466628836774444250e-02 1.353093254687551088e-03 -3.160326055604736201e-02
-5.449457405571521244e-03 3.706483186201455296e-03 1.459799871420847280e-03 1.572647193229649576e-02 -3.080218234600309683e-03 3.861841617653796570e-04 7.426070225281735868e-03 5.145802223284435747e-03 7.933464163898156646e-03 -7.473923644285486445e-03 -5.367014532890467676e-03 1.512447027658532462e-03 -5.276542080163497753e-03 -2.994205453367975323e-04 9.413074264967834573e-03 9.340925048941153136e-03 -2.804120246553941116e-03 1.402197086913931426e-02 7.886290600265785655e-03 5.802339320718708643e-03 -1.740431064592426816e-02 4.555444315675203498e-03 -5.953016057121552490e-05 -1.103534804875429785e-02 4.224795683210373631e-03 2.250827485853881815e-03 -8.237074919994799571e-03 2.038286544177608101e-02 -4.119006750674156225e-03 -2.848113041815151375e-03 -4.015223314512786357e-02 -7.580391224060166813e-03 7.139762278616791115e-03 -2.734954575643648578e-03 4.391599398666502958e-03 1.803105217956247480e-02 4.724088835641586728e-03 -1.122599475817080347e-02 1.952121711885918681e-02 -1.247067939018447862e-02 -3.016370371295463981e-03 8.256193271656797963e-03 4.660964407994600857e-03 -4.976305887600066674e-03 5.991350371500628325e-03 1.571420320174209823e-02 -4.372294775577226233e-03 -2.302927926288306920e-02 -3.704684045614870577e-03 -8.866618646590999214e-03 1.568605504713308733e-03 -9.254812274500770486e-03 5.214558821663574199e-03 2.751364806787526610e-03 -4.614642509557479941e-03 -1.383494998584217268e-02 1.030830139018433858e-02 8.536371267856453227e-03 -1.866040479459531122e-03 1.596854752714392750e-03 9.056796778712324428e-03 3.809106847139692633e-05 -8.928540557044198096e-04 -3.529095916779711930e-03
-7.103400613740881199e-03 7.369382672795243838e-03 5.564823077887257399e-03 1.598056828792806389e-02 -2.766541226781393976e-03 -2.059409856055825945e-03 8.399925638736429126e-03 6.494444694769756742e-03 9.296051045424707018e-03 -8.043688101862917633e-03 -5.303173228490133499e-03 1.504830174638937612e-03 -4.483662074832010618e-03 -2.263996968505981033e-03 4.554947693495098315e-03 8.392359686969080856e-03 -2.995384436577404677e-03 1.378431292837824403e-02 8.174915767097305427e-03 1.315819928535541181e-04 -1.612389716840800791e-02 4.864227876266984801e-03 2.418326352901489220e-04 -1.123660349702480452e-02 6.900674854465688179e-03 2.370969712673467664e-03 -1.126837762437680156e-02 1.727398974352691366e-02 -5.253044391464562271e-03 -3.466543555708832131e-03 -3.704319089261376430e-02 -7.536070892970862800e-03 7.758593140201688193e-03 -3.040871672876638201e-03 5.714775096945040600e-03 1.679892766562665618e-02 3.478908222505980828e-03 -9.873392782196005815e-03 1.346384602006479164e-02 -1.400383933801488748e-02 -1.869136100814292652e-03 8.841992118162774611e-03 6.718394124447179053e-03 -7.647403320332493704e-03 6.932982998178871883e-03 1.750592288175208469e-02 -5.744308126602227019e-03 -2.296556285116823498e-02 -4.569146387709499546e-03 -9.160595252841328279e-03 1.271585855525754396e-03 -7.080058096540768620e-03 3.361712489878059765e-03 2.981876094039071726e-03 -5.834577923164000618e-03 -2.286486964532558758e-02 9.560462837735548072e-03 7.245677076770812644e-03 -2.702180062777451413e-03 1.690965057368111783e-03 1.200526690212504882e-02 8.733916425814989160e-04 5.392039370099967546e-04 -3.701556951932176258e-03
8.499687917105407803e-03 -7.305988589199610347e-04 -2.115530268422879945e-02 -8.260024305712848625e-03 -1.615612312392582933e-03 -9.062657504463257629e-03 -1.391203797736460628e-02 -2.445322739070381057e-02 -1.381725486754083881e-02 1.602804637194868431e-02 9.960996469255837052e-03 4.186801552050004212e-03 -4.711673512594809904e-03 -5.772291734579904424e-04 -6.709189831067066678e-04 -1.710175949628604808e-02 -1.379819818775586404e-03 -1.125163451258120312e-02 -9.426193151138899384e-03 4.456511669103354126e-03 1.611629449473549192e-02 -6.609418467797383012e-03 -1.293884955658512054e-02 7.569189418153286775e-03 -2.226021695494416475e-02 2.919696441785937097e-03 1.452612164189405128e-02 -8.564732942992505510e-03 1.266882295930987778e-02 -2.400320673801571020e-03 2.455830740663685757e-02 2.898892447121935098e-03 -1.008329482288583198e-02 1.597368064752387531e-04 -2.008910889587614892e-02 -1.337698775579126975e-02 -1.644109805183180395e-02 7.700223623527065880e-03 1.770929674062043241e-03 1.282925219711217313e-02 -7.303982832461685185e-03 -8.368921998153958444e-03 -1.104180560481253862e-02 2.589048831461470551e-02 -7.315845982964360589e-03 -1.366492887882111290e-02 1.068310710961163992e-02 1.570355224169044800e-02 -9.360161412187827795e-04 6.200840103113669510e-03 4.099425085789714165e-03 3.222190114354340010e-03 -1.114120885649175566e-02 1.090300070500637222e-03 1.457658967076997866e-02 6.236868760012244384e-02 -4.008434478300256995e-03 -1.127697470612231204e-02 1.447544972672696988e-03 7.416180940741166037e-03 -1.961490481145016646e-02 -1.275474013109993351e-02 6.220597803668501125e-03 1.638478836758404042e-02
-7.260179609203613188e-03 6.846122183169887736e-03 -5.147926346099490798e-03 1.892689871509855085e-02 -6.226388022848039234e-04 -1.267390423255356988e-02 1.068042830183354823e-02 1.025992590700477471e-02 1.415623424826024587e-02 -1.426257245958916300e-02 -2.025084630761128657e-02 -3.406296432564646058e-03 -8.165336784844927365e-03 8.749842645002257197e-03 1.888631018915632939e-02 -9.897618108145300395e-03 3.030973534921311847e-04 2.909435668723383411e-02 2.019366634869986313e-02 2.656249171711591583e-02 -2.118238657690385551e-02 7.041355465672019184e-03 7.430153229413510862e-03 -6.507736606032483821e-03 7.692688089246163020e-03 -1.448710343383550515e-04 -4.866849871380106440e-03 3.497504342775890201e-02 -1.050199239383665419e-02 8.744266681503061120e-04 -5.469031032607705317e-02 5.464767749149981348e-03 1.253057699594883889e-02 -6.597156151338517960e-04 6.724093204776165206e-03 1.849906732392085987e-02 1.015436134057006064e-02 -2.021664183932862444e-02 1.158164173509037762e-02 -1.025093041401530999e-02 3.494398057173211600e-03 4.637225402766518081e-03 3.549287406794475637e-03 -7.893389866114489811e-03 1.433707317739429249e-02 2.128580963713760585e-02 -9.544650150749421635e-03 -2.383599382536768369e-02 9.057264517341638912e-04 2.147747895308880182e-03 1.373195040584744564e-03 -9.204585356131049501e-03 6.392009755010226793e-03 1.024647931621045990e-03 -5.854742950000856212e-03 -2.909236526289635943e-03 5.132134379452757411e-03 2.027551992613009502e-02 -5.472157151159963515e-04 -5.703888284179738609e-03 8.882208740068682495e-03 8.458336253091364165e-03 1.776889541880435734e-03 -9.648500363839311936e-03
1.162376797042962350e-03 6.056574264494983539e-03 -1.558381683528973398e-03 1.169667373936385951e-02 1.359654769084252951e-03 -7.001017419762986527e-03 2.187924363007542373e-03 1.005003830495001735e-03 3.821836430481947728e-03 -3.129599067270373135e-03 -5.276761846588145545e-03 -2.819450558580243512e-03 -2.910069591379752397e-03 2.246152203120450864e-04 1.121268671800861212e-02 1.452760903929195156e-03 1.917172956931525530e-03 9.935979302403192062e-03 4.967359232001167593e-03 6.210040853485053469e-03 -1.174494359384755174e-02 1.018964241121870107e-03 2.138235121573174320e-03 -2.798787935202216946e-03 -9.423776179275279328e-05 -1.716441728650376988e-03 -5.354092416871319114e-03 1.466929211620563236e-02 -9.225938981165478009e-04 2.228823710249279964e-03 -3.348495809905284448e-02 9.283104963128642950e-04 2.916060357405847372e-03 1.516096524265311048e-03 -1.602594419897678847e-03 9.702446196568854930e-03 -1.035898683218672116e-03 -6.287216474737049136e-03 1.368252962134582085e-02 -1.052289796454583884e-02 -1.044905318835898274e-03 4.577260908811550742e-04 -2.627912802319279633e-03 -3.912031624365501742e-04 1.250174814212170506e-03 1.387692022615916176e-02 -2.326992016704246388e-04 -1.576140823366204216e-02 1.983737676373440069e-03 -7.123197501823807284e-04 -1.525135358418254440e-03 -4.175553898111144732e-03 7.360574614598151821e-03 -1.724424031327429808e-03 1.615470191130083041e-03 -3.400387398467979039e-03 2.294869251757610581e-03 7.220984391039344738e-03 2.598654048653182332e-03 -3.036968978862250070e-03 7.730237818849382443e-03 1.434025853075241320e-03 -3.394071579672668613e-03 -3.022971064262179944e-03
9.552570459898839308e-03 -4.940129427926104842e-03 -9.347802360429148874e-04 -5.592843747468707709e-03 2.908555870511204955e-03 8.042454088876580670e-03 -7.646014623725794560e-03 -6.809510243793289765e-03 -1.080268575538667272e-02 1.113335585138855964e-02 1.382055630405364111e-02 -3.420218721895670021e-03 4.037722630121577845e-03 -4.135050671331641677e-03 -7.341190417107536052e-03 9.620609841120618053e-03 2.926584554216082185e-03 -8.090356622503175679e-03 -1.038461835153840426e-02 -1.053040087928838915e-02 1.080344093535755973e-02 -8.527192157731776703e-03 -1.040594217619837236e-03 4.036332110510778594e-03 -6.025565665037193805e-03 -3.815022044208613711e-03 4.970285916911873318e-03 -1.231304078209726621e-02 1.031935328485897134e-02 4.333328336714568560e-03 1.851840323992572437e-02 2.883291771905212991e-06 -7.572003804671987789e-03 4.859461157120992247e-03 -8.844012829373630591e-03 -5.415525781464470417e-03 -9.198268818850396239e-03 7.644942438073689360e-03 1.474684800730516158e-03 1.548828080218980253e-02 6.297812011995277889e-04 -4.618805728246970672e-03 -6.072236093978263492e-03 6.598410262072256123e-03 -7.241319351793585116e-03 -7.068173242997431716e-03 1.018989834396048615e-02 1.419129736657191374e-02 4.216251654133599570e-03 4.142611903671729497e-04 -4.016782391896764164e-03 2.471097448595150400e-03 -4.319547720044352238e-04 -4.613785524345446858e-03 7.723599311322806339e-03 1.326850150792899252e-02 -4.372583589523932474e-03 -1.428909638197359798e-02 5.143614009172305622e-03 -1.060350158048273522e-03 -5.541964940436938311e-03 -2.968886451032810934e-03 -2.041155943185665213e-03 3.284192688260063973e-03
9.509252560788026198e-05 5.552112896475111699e-03 1.910429757262191702e-03 -7.502485366548504800e-03 -9.272493237407280174e-04 -3.268147587070072135e-03 -5.249302331023736161e-03 -4.674352679307635858e-03 -5.097820075945456823e-03 6.912413909540671142e-03 8.488721171841687868e-03 3.023637437212659332e-03 2.833568786154436105e-03 -3.125469739140929529e-03 -1.622697063864725689e-02 -7.603404499961246253e-03 -2.470346046411708244e-03 -1.002563347211245064e-02 -6.944032639884048681e-03 -9.315191908137300178e-03 1.601775216793998799e-02 -1.432048072760767465e-03 -3.669767881248921487e-03 4.112119997619212951e-03 -3.141493621537323755e-03 2.571876136657560985e-03 4.499728027600407784e-03 -2.073157211241989650e-02 4.356401643273833703e-03 -2.984200774481185568e-03 3.725942322860586325e-02 3.116987510879990972e-04 -5.617259485090609489e-03 -2.578264080755861450e-03 -1.637922899725158515e-03 -1.293188415646071877e-02 -3.904056929783593800e-03 1.096040248435929329e-02 -1.849080818724263553e-02 7.907670227912185976e-03 4.351524941853225029e-04 -8.334969712646792287e-04 1.397307389903180682e-03 3.851976399113288436e-03 -8.214341013131666331e-04 -9.974575091327930743e-03 2.047421111155270108e-03 1.583774017167977055e-02 -2.580177548960951688e-03 7.516216245951096338e-04 1.294413066641008367e-03 7.443389430277668438e-03 -1.288440666151463403e-02 2.045378066549575352e-03 9.621678533351892861e-04 2.029444148287698566e-03 -4.039760230040441435e-03 -1.262498842032896626e-02 -2.873387966353123640e-03 4.186974322083461021e-03 -5.479496415593362174e-03 -3.467199287464093563e-03 8.799281247663947453e-03 4.638013083891299147e-03
1.030721099585989176e-02 -5.361893496963116013e-03 -5.177393555634221545e-04 -9.654411746839610883e-03 6.563517640984898455e-03 3.450373392606949190e-03 -6.616208832402241044e-03 -2.145928984615174187e-03 -8.724555108578967155e-03 6.192064219848619940e-03 6.219945229636760289e-03 -7.346853460475449848e-03 5.889598010973426390e-03 3.534645694159802877e-03 -5.732438970619872960e-03 -1.391532729228910775e-03 7.363215167980181192e-03 -7.033783895934616476e-03 -6.544208315496427737e-03 -4.961989649457246646e-04 1.489786182596775782e-02 -7.462779892906154511e-03 5.282958033617413465e-03 1.125004976992148575e-02 -2.924943743306623878e-03 -6.829429610875437616e-03 9.824395098351812461e-03 -1.418646092438066719e-02 5.180414737155787305e-03 8.043462206337415391e-03 2.488282939192029003e-02 9.521740058695743469e-03 -7.217885587086425754e-03 7.006369270864150692e-03 -5.623454645547046327e-03 -1.234976352734187127e-02 -2.001036599268190067e-03 7.382857387922584294e-03 -1.221046596468550530e-02 1.924174675784441971e-02 6.038161201538688738e-03 -9.748186121585594721e-03 -7.295067627448765385e-03 2.386188176590510468e-03 -5.241639784224269051e-03 -1.122811003254098675e-02 6.700149679901349492e-03 1.804844666236852038e-02 8.657632472955312242e-03 1.007363292108010011e-02 -6.466035518334216012e-03 7.165379561219424598e-03 1.870972878391522756e-03 -6.985537612973606765e-03 6.654217625335619689e-03 1.351692837695573322e-02 -1.029880083167307794e-02 -7.533262932892114024e-03 7.209797394732560434e-03 -7.650005131268768077e-03 -5.626573883922795366e-03 3.227271786676296026e-03 -3.112156949937591299e-03 -1.047769802998178412e-03
2.581916040157847606e-03 -3.182916687939328377e-03 -4.661463318471132516e-03 -1.880903978780005745e-02 2.827343659006894584e-03 -4.672633658787905993e-03 -7.058647564668317671e-03 -3.393819239011481789e-03 -6.790445012299179892e-03 4.261470261610451025e-03 -1.370066505641913401e-04 1.593983310946875225e-05 5.238358357451061188e-03 7.252130116196674539e-03 -1.114234263815097603e-02 -1.797463860522082249e-02 2.211130143640110610e-03 -1.539506636053544417e-02 -5.969572509550201758e-03 3.078328702934422442e-03 1.962952644021851573e-02 -1.249208650777198322e-03 3.499614173496509110e-04 1.357656042760704840e-02 -3.841260598245248466e-03 -9.785002249702271122e-04 1.223644097130636467e-02 -2.150519066608231125e-02 8.242473983288436078e-04 1.593934703579007748e-03 4.326289759864128392e-02 1.079322496915236136e-02 -7.188260276243941919e-03 1.015816810496384314e-03 -1.047484259880791151e-03 -2.306177217387944678e-02 1.649335311705186222e-04 1.146680353820069866e-02 -2.776168773208158302e-02 1.028526742835536231e-02 3.349542919980940878e-03 -9.026368986249977411e-03 -4.027592170779003763e-03 4.424814562882402151e-03 -5.094137122587195921e-03 -1.928749389074784978e-02 1.001178014357689003e-03 2.399970618425821545e-02 2.887774635437920234e-03 1.299398099423177896e-02 1.860129165075954504e-04 1.118669061406370527e-02 -5.695982478386605111e-03 -9.290372737169054398e-04 2.520236127271731699e-03 1.249840446912426836e-02 -1.200169975365907200e-02 -3.821277105648185173e-03 6.641108610637566287e-06 -1.669430902958270613e-03 -1.010969116426195871e-02 1.077149767956570633e-03 1.465319156096450302e-03 3.241942880468362542e-03
-1.200377322800671824e-02 7.039408688168967594e-03 -5.706010435709112094e-03 2.632792602056406583e-03 -7.836854618290181942e-03 -1.116755940011206032e-02 3.632074390651603840e-03 -9.469887008611434882e-04 8.831760249586770653e-03 -5.587101051921232638e-03 -1.066570361754512301e-02 1.029170463605723167e-02 -5.695165394107224582e-03 1.735962084496330037e-03 6.625070064553958797e-03 -1.348593489070970888e-02 -8.907837468308371295e-03 1.139449472240001071e-03 6.443110277975326074e-03 6.433331925310923835e-03 -7.937740550056603117e-03 9.320397703211991472e-03 -7.244026248643694807e-03 -6.452072857106557272e-03 -3.620129667448994545e-04 9.057303336944867028e-03 -6.065080161750138928e-03 6.896351669320356301e-03 -7.010339730000163597e-03 -1.018933264847289577e-02 -7.870763147144636124e-03 -4.814246296089390309e-03 5.532612432603580682e-03 -9.147493188032412154e-03 6.250603997642762213e-03 1.941725749358239354e-03 4.326458602071044102e-03 -2.944410845343841537e-03 -2.693190939690041745e-03 -2.151692406793198967e-02 -6.075648872229594440e-03 6.592520426079773177e-03 6.485313385979032952e-03 2.038369411982168811e-03 5.495130562245131509e-03 3.021111877550821008e-03 -9.108070400259665050e-03 -1.080122503195454602e-02 -9.277816848308853212e-03 -3.654484007655427018e-03 1.006533315935297622e-02 -2.131546250594107753e-03 -7.881039306929325111e-03 9.051872477856557145e-03 -6.828424650329366352e-03 -6.789569088505713682e-03 5.850062747690685030e-03 9.125323367705846095e-03 -9.820353994171497278e-03 9.550274029870324186e-03 -6.943060839983146004e-04 -3.501749004492027591e-03 7.272319115618299835e-03 4.374619425015426229e-03
4.668314369328666405e-03 1.054982136875148337e-02 6.348607761941858600e-04 1.518813846012764335e-03 4.235867008645616272e-03 -1.143589323506833538e-02 -5.530567558345496695e-03 -4.798484686078044199e-04 4.159994513390653098e-04 4.742097111315526914e-03 1.623055232805721516e-03 -4.921433186349035392e-03 4.853355148211020015e-03 -6.451540460831802371e-04 -2.600884876872225793e-03 -1.309627841791372385e-02 4.516558396282991175e-03 -1.348104115285851537e-03 -3.526959177269213715e-03 -3.992294241521428255e-03 6.282317554500623305e-03 -4.626788166162200920e-03 4.002530732825041772e-03 7.702567212309895800e-03 -2.107515098022956848e-03 -3.518663167472885385e-03 -4.910340612878883078e-03 -1.159903375841240397e-02 2.659487109173888121e-03 4.127345948735179106e-03 5.680536651975035510e-03 9.304811351271972952e-03 -3.340664117371923078e-03 3.608803465856830379e-03 -2.783534492779830664e-03 -8.872953598101283174e-03 7.108001862066207991e-04 8.173997163815623079e-03 -1.867310350974490940e-02 -2.848725269179472417e-03 5.593245200201189121e-03 -6.443070794536891535e-03 -4.281139434105768471e-03 1.392890077975091154e-03 -8.319667795934544176e-04 1.595628795920491600e-03 2.492618685859186115e-03 6.873657157947100742e-04 5.320719189985892265e-03 7.779446970967321927e-03 -3.149946881875654355e-03 9.261568907953788080e-03 -3.672129750357664563e-03 -4.822571166492301172e-03 3.498924940301684650e-03 5.824456642336628756e-03 -9.193899881290512957e-03 -2.107797448223619041e-03 3.416917945894490556e-03 -4.848695186368070370e-03 -2.393181039965995658e-03 3.271746551987062684e-03 3.899844012571325458e-03 -9.397461657861543201e-04
7.635516651168754512e-03 -1.127017628876230415e-01 4.684039601890926940e-03 -1.004245293728537741e-01 1.190584507810414118e-02 8.199247847471075046e-02 1.155438217118123084e-02 -1.895125903191256268e-03 -2.903952829713286887e-02 -2.631300958117198385e-02 -1.156124355073717344e-02 -3.141843023620098999e-03 1.279667182111879006e-02 1.188561686544794757e-02 2.296074891112115726e-02 3.879556768274957518e-02 1.646434293903319829e-02 -5.589797338038435953e-02 -1.099030754479181013e-02 5.145147201827672545e-02 1.186821093969482425e-02 8.364194127405322546e-03 1.113761354026436903e-02 2.016359187609772716e-02 1.452778045951171396e-02 -8.849949656225708505e-03 7.001103706989597608e-02 -5.061177966339432122e-03 -1.536642649592026566e-02 1.494723121683315566e-02 9.372915767055284286e-02 1.058077320554570884e-02 -5.292799074915750628e-03 1.193551516881361484e-02 3.229320905872716183e-03 -1.831157289367046914e-02 -4.849855483115091473e-03 4.517954714147627560e-04 2.632367358904692811e-02 2.402107257342276161e-02 -9.553744990600967005e-03 -1.048437213768099729e-02 -1.089520110772953035e-02 -1.890390060940861511e-02 -3.692422995285580406e-02 -6.046070751124664466e-02 5.521352950103543787e-03 7.698074304194736650e-02 1.236286205624869371e-02 1.499558527347557083e-02 -1.182572909462965317e-02 -4.776688464290534258e-03 7.626522113450899532e-02 -4.728049439949324161e-03 4.202760286762172864e-03 -5.120051417073598343e-03 -6.793231395091853600e-03 1.855961693136227997e-02 9.583482214186611961e-03 -2.100379320235009478e-02 1.570778451419107755e-02 7.169862377898390468e-03 -7.159811184643760651e-02 -7.882852962887111278e-03
-1.477767531601005893e-02 4.008861343080287985e-03 -1.048008048349676272e-03 4.225707620684374111e-03 -1.023358554616349628e-02 -5.233349012033617145e-03 8.407762285177783346e-03 -8.319615094709320070e-04 8.701732453977258780e-03 -7.993676518781521120e-03 -8.053078444973920530e-03 1.315126014871427843e-02 -7.574575247466763285e-03 -3.379820259213106234e-03 1.690077290932351893e-03 -2.966569016820321675e-04 -1.159090817468067663e-02 2.714267336643884886e-03 7.369236530470995618e-03 -6.635673024633515632e-04 -1.431023706363228516e-02 1.203205196593109573e-02 -1.012847710174407702e-02 -1.254993383756187325e-02 3.199435756463633526e-03 1.117868645757429807e-02 -6.739218602599689710e-03 1.365173381021402704e-02 -8.094780655082418203e-03 -1.244762731108404498e-02 -1.624197653852180179e-02 -1.282077025515864985e-02 8.071308016785601683e-03 -1.103490065499882974e-02 8.399411868213552124e-03 9.698636582448991877e-03 9.877741580791685357e-04 -7.649965699649499684e-03 1.109181153173784823e-02 -2.166152104947318552e-02 -1.045969588601011746e-02 1.248876135262355636e-02 1.040656531601013082e-02 -9.016988067778539812e-04 4.964346070493915082e-03 5.709690239084228881e-03 -9.691720947641471393e-03 -1.429413512760507009e-02 -1.301107710620603292e-02 -1.172955578783550779e-02 1.094036879536646953e-02 -8.525734748620613507e-03 -3.962597947841284621e-03 1.180359598696087420e-02 -9.900993962436252516e-03 -1.952828631460609699e-02 1.279214471790977165e-02 7.095905608280459430e-03 -1.166539545649886329e-02 1.244008147979629164e-02 4.925561072887695187e-03 -6.586086841544045063e-03 3.482407976425419115e-03 5.242414532890421822e-03
2.474766763844932910e-02 -1.718605294305584549e-02 -2.116556042994565193e-02 -2.982277265455441501e-02 9.699999548496651691e-03 6.823702653396206998e-03 -2.555998225051523201e-02 -2.558516317626709224e-02 -2.847513802892490120e-02 2.752936447324556141e-02 1.754048470134329796e-02 -8.474947704542833832e-03 7.838299467331335049e-03 -1.978547009944132094e-03 3.796418648027757511e-03 -9.790502956020392597e-03 9.478521390928138987e-03 -2.757267840431052927e-02 -2.044598911468281308e-02 -4.745341031579679118e-03 3.291088973276537488e-02 -1.924202214810137590e-02 -2.831594852635512752e-03 2.350839232096153114e-02 -2.594989966014154062e-02 -9.474125540712498988e-03 1.973633484649718259e-02 -3.327225227976172983e-02 2.310515254856265743e-02 1.164134258990487739e-02 7.079700421343045058e-02 1.625501776953500177e-02 -2.298270174665956872e-02 1.278359318329341451e-02 -2.834814766660159399e-02 -3.206077214584698853e-02 -2.596843981829759229e-02 2.202357952743534339e-02 -1.465082958779070736e-02 3.275582153276117986e-02 2.784672468717074023e-03 -2.352774730756310162e-02 -2.440675336510650384e-02 2.921342413370669328e-02 -1.874955699860565358e-02 -2.941983462583250969e-02 2.247000890955723473e-02 5.083081672548957208e-02 1.456651609280721835e-02 1.966844285962176392e-02 -6.041899700276126897e-03 1.507738158682616833e-02 -5.235052137368072234e-03 -1.155854097376320458e-02 2.542376748882252402e-02 5.887752039094830414e-02 -2.201881564365604921e-02 -2.475483023189457149e-02 1.301390797549667119e-02 -4.359698068176755432e-03 -2.222770929253004707e-02 -5.643034452634410753e-03 -3.150282886434124362e-03 1.060174304810549036e-02
7.627929324635311994e-03 2.323905063282697206e-02 7.255406172831894984e-02 2.002274973981493095e-02 -3.435127935941059522e-03 1.664438150944371614e-02 3.386314185640007784e-03 1.379703357141799343e-03 6.117373984483132771e-03 2.109163414984142892e-02 5.963379118489217645e-02 -4.623195853024742938e-03 1.118644008665344372e-02 -7.677712313989996928e-02 -8.792211387868033301e-02 5.031333093000880247e-02 -3.915396343072787867e-03 6.449926216485777145e-03 -1.768114109513072713e-02 -1.376709985408076653e-01 -6.901685315200110221e-03 -1.166397214973206864e-02 -3.766125766505634513e-03 -1.799223544491224472e-02 2.504338098895978262e-02 -1.999119599490510775e-03 -4.461328978901925313e-02 -1.333078716855430959e-02 8.577272217517910302e-03 2.776018939509101915e-03 8.835395447014646880e-03 -2.512830647530795575e-02 1.332543277180453511e-02 1.339131399740856217e-03 1.806664699601853805e-03 2.385153459296500758e-02 -1.802012563715209986e-02 4.767112898979265594e-03 -3.693500175914579513e-03 2.424261667836367928e-02 7.558100907331556997e-03 1.893925760671729200e-02 2.748158720903043362e-02 -1.919459145015314783e-02 -2.678149297577615655e-03 1.464792453469104284e-02 1.188249391482457291e-02 -4.174074625827771390e-03 -4.448168625449934639e-03 -3.636135668948786703e-02 -8.413952625730301491e-03 -3.426419562216737567e-03 -2.202628322933485733e-02 -2.542200809217816989e-03 -8.034075428690824056e-03 -3.221103379632749009e-02 8.552359424173341246e-03 -6.326708255015860149e-02 1.036207015742536975e-03 4.558956084895744373e-03 8.630545024952781044e-03 -4.942295602683845733e-03 8.045155526768552404e-03 6.346673607493287170e-03
-3.172073625422857680e-03 -7.034045418212521742e-04 8.262410217322766967e-06 6.637613421746348455e-03 -2.285859636154824459e-03 2.501790420395343800e-03 3.643001072300841407e-03 2.169905043001326209e-03 4.014372224499136721e-03 -3.868138350878813116e-03 -3.523191549402698419e-03 1.708749119686612909e-03 -3.361247982267429654e-03 -4.472293463402954696e-04 8.308583281435456130e-03 6.155060196425992183e-03 -2.221014798449035509e-03 5.628044547697439934e-03 4.244605809844743602e-03 3.733163923990680689e-03 -1.008297368738681615e-02 2.742436445167699584e-03 -1.011039364210520285e-03 -6.574553791805320437e-03 1.180741535999266798e-03 1.750053552577763606e-03 -4.097922743274157002e-03 1.144365104457791861e-02 -2.058806614551094739e-03 -2.390978205149181697e-03 -1.885134737013032663e-02 -5.372574556055038572e-03 3.399267562477031619e-03 -1.988014975421249601e-03 1.646408363674105833e-03 9.646783446253109906e-03 1.631262675309638147e-03 -6.174499087699151720e-03 1.200529847940105810e-02 -7.796235085950961943e-03 -2.552346955664394016e-03 4.505276781394907011e-03 2.206847510455750214e-03 -1.404307304957688480e-03 2.685621305787883745e-03 6.895082602236195235e-03 -2.353507075676641511e-03 -1.155063491059783384e-02 -2.751027818098354324e-03 -5.389799998340933165e-03 1.573826410259012917e-03 -5.475131779612140738e-03 2.271897268226396541e-03 2.064885693667666087e-03 -1.874914361518221270e-03 -8.021093603891655405e-03 6.349097436756007823e-03 5.452482418426682874e-03 -1.383279546337052700e-03 1.991906347900202021e-03 4.718715724110533749e-03 -5.879282987832836361e-04 -7.938969726138900241e-04 -1.562983887438399453e-03
-3.526022947164868422e-03 -4.711572518566697204e-03 -4.152801867479802636e-03 -7.493531899435913225e-03 1.533466134785671595e-04 -2.445456826950487619e-03 2.141881847235873899e-03 3.323905274992277909e-03 1.962781513174829268e-03 -6.553159301048210907e-03 -1.054159424643137839e-02 1.557003490346742540e-03 -5.204511494416465657e-04 7.586029530667993265e-03 6.224164909532217682e-03 -1.283452950621306876e-02 6.873462466604959853e-04 -2.483065250856715186e-03 4.314507053151226887e-03 1.451193357895188239e-02 1.357865986729614666e-03 4.442587466648375769e-03 2.127443133942852598e-03 4.890123554481784832e-03 1.551973786741450961e-03 8.502454209085233286e-04 6.117939012914679932e-03 7.513703686644896806e-04 -6.339832004622541171e-03 -4.991120658460110587e-04 6.550611290765823332e-03 6.378890074233273082e-03 1.625090374462691582e-03 -1.505921576838652274e-03 4.550766709539138741e-03 -6.202466734152605257e-03 6.124875612058114371e-03 -9.763428254012996611e-04 -7.352908839005814490e-03 -2.742426396093415077e-03 5.873277157571811817e-04 -2.933017855778562166e-03 -4.702317724152534940e-04 -2.464533182335652307e-03 7.188094888724176406e-04 -5.659647915048448760e-03 -5.519844687147714042e-03 4.484213758377710371e-03 2.864692800320934587e-04 7.274790342191209125e-03 1.845440047924229747e-03 1.803253111098607414e-03 2.203348480977938405e-03 1.396072790875961447e-03 -2.812059572671955863e-03 6.838233929297830513e-03 -2.959130963708712578e-03 1.020429379404076860e-02 -2.038551018798757247e-03 -1.647481351632337733e-03 -2.973195241529390329e-03 3.395484634190541490e-03 -2.002926567524208109e-03 -2.354539718322579481e-03
1.909392880545240229e-02 -1.011008563697307974e-02 -2.259049808203485860e-03 -9.899096636479380942e-03 1.127413613743002280e-02 9.960702393158491971e-03 -1.140749299965766392e-02 -5.525164334641873183e-03 -1.518991698854815948e-02 1.217733516414368916e-02 1.245914765710972802e-02 -1.368732168052230573e-02 7.682415309907375534e-03 1.798085473964412904e-03 -1.634677464412456153e-03 6.202660275748737677e-03 1.274126050446006304e-02 -8.063690068887949258e-03 -1.120918507808193153e-02 -2.492461665534153898e-03 1.810995899170295131e-02 -1.483931667221336306e-02 8.036006587749517510e-03 1.415790241895822227e-02 -7.560608367311325365e-03 -1.231334296873518724e-02 1.160660157290766860e-02 -1.631493165331861228e-02 1.251376282799495157e-02 1.417261460888992117e-02 2.626297466905866407e-02 1.203071393363144836e-02 -1.209312372259891896e-02 1.308086682042115985e-02 -1.413432574875100531e-02 -1.196732854550300665e-02 -7.831792630958005208e-03 9.298104090523073156e-03 -5.005957935116749774e-03 2.887401288587166867e-02 8.662261840113951589e-03 -1.463378021607900786e-02 -1.415627744259558354e-02 6.698096489499645416e-03 -9.651410066957551506e-03 -1.039790224446324532e-02 1.433061657645308060e-02 2.263721304369387469e-02 1.455650096509793906e-02 1.200445016781643941e-02 -1.204422936024833468e-02 8.015407525269333672e-03 6.079932892957677984e-03 -1.316635811166248261e-02 1.425373114197776847e-02 2.384882714214060090e-02 -1.339689628284169640e-02 -1.237617244322417737e-02 1.400755383030402937e-02 -1.224346629809578216e-02 -5.752299261020367427e-03 3.802856515661193725e-03 -7.178711582689878065e-03 -2.004799075086933884e-03
-9.643284898850270487e-03 6.286162352166348687e-03 -4.550354349759438803e-03 9.082585480370393427e-03 -9.407329693825966163e-03 -4.329382060512074193e-03 2.458302940328247876e-03 -4.459301947119301973e-03 6.595330715742963104e-03 -1.141042879107259309e-03 -2.607720858574331425e-03 1.047705386867728988e-02 -7.120092171037703706e-03 -5.548558211710292835e-03 5.733677974430579152e-03 -9.806304947004894704e-04 -1.055407300042760822e-02 3.010197231665685379e-03 2.990582622787586568e-03 -3.206020665912896837e-03 -1.283572314580098440e-02 6.252430028150866848e-03 -1.074381391472324296e-02 -1.271683874548343654e-02 -3.355818243972308931e-03 9.549195294958002372e-03 -1.060098574105716382e-02 1.079115589286769317e-02 -1.233808219917938327e-03 -1.133302062539698341e-02 -1.930517470595518800e-02 -1.313063070574260749e-02 4.603148094330274109e-03 -8.680378532643594908e-03 1.685447881437132558e-03 1.063647273752121522e-02 -6.192194943689024317e-04 -4.397097182835193151e-03 1.366944838929918041e-02 -2.059468370995100328e-02 -9.104103852534581667e-03 1.032643742042690244e-02 6.499245444710941531e-03 5.357507570194404781e-03 3.937271913921868739e-03 8.244288261143936994e-03 -4.369263023963327816e-03 -1.698991728972345031e-02 -1.105786527438515007e-02 -1.209465662129751394e-02 9.921821383561032701e-03 -6.885431419275360107e-03 -8.241982524383375391e-03 8.851646828338487552e-03 -4.187814777292457602e-03 -5.172117646691237400e-03 1.165665486079966832e-02 3.072521252683156883e-03 -8.718253074879384404e-03 1.273188078517850132e-02 1.355851454721522520e-04 -8.396921761017256056e-03 7.182098964787874198e-03 6.706206135161719636e-03
1.903578671668485216e-04 -3.453499296798773557e-03 -7.250551968870589704e-03 -1.681419012254780927e-03 1.187562236050461809e-03 -1.565611112267405614e-03 4.756553699311101709e-04 -1.944487491532244329e-03 -1.422229105767684656e-03 -2.919343246567184663e-03 -6.387900121123624327e-03 9.857139914615573170e-05 -1.622798836917321201e-03 4.827559177618157525e-03 1.080759296640811974e-02 -1.989546142673327168e-03 1.798014699420858809e-03 1.592199644976848792e-05 2.332419100845151312e-03 1.342923929613711390e-02 -3.000210825239203911e-03 1.470714390250986176e-03 -4.824716813116148684e-05 1.584082744371906890e-03 -2.828805383423621186e-03 -5.538523428209290566e-04 3.267428861208120615e-03 5.549219784042241053e-03 -1.085760171763978108e-03 7.196414951306810606e-04 -8.748080332633703660e-03 2.258569634553702320e-03 -8.418974367147354261e-04 9.880802728157880941e-04 -2.244260557622758390e-03 2.376033951753139350e-04 -3.056830513506345916e-03 -1.818713600370466680e-03 6.637440461363839153e-03 -4.465257960632393330e-03 -2.934454673264701770e-03 -2.101040235527836149e-03 -4.545306906612244305e-03 2.330392575524923866e-03 -1.754734809977205948e-03 2.488802819532060732e-03 -3.842397736311733156e-04 -1.802023774405262608e-03 1.221984579944924076e-03 2.678082645913718376e-03 -2.548324342407013148e-04 -1.516208012459032946e-03 7.102015510466300890e-03 -3.997634812257279142e-04 2.473635435198818025e-03 5.799121995949677510e-04 -1.949928052327221410e-04 7.216027568053118291e-03 1.123349632084442995e-03 -1.444343625730118170e-03 4.480278974683174313e-03 -2.206728493032162329e-04 -4.845818432974588474e-03 -3.136127294540695274e-04
6.080346574000297308e-03 -3.570056547603678602e-04 5.320678116486053134e-03 -8.583156125781276659e-05 9.525098527977015478e-03 2.139036986563474553e-03 -1.553266914435137615e-03 1.543128056090419323e-02 4.064287831686763490e-03 -3.115203911454441851e-03 -6.800842409380556883e-03 -1.297097811258842923e-02 7.356218490575186682e-03 9.970870141355165153e-03 8.821134373781947674e-03 -7.853353196304199008e-03 1.055346325715249452e-02 3.527975441716813335e-03 2.397667334239023205e-03 9.732840791973298988e-03 5.370928787937679152e-03 -5.090776069403151610e-03 1.666826523030483925e-02 1.036154634343267392e-02 6.123483712424395396e-03 -9.833068493678967861e-03 -1.281228207924235696e-03 -7.891814281755456240e-03 -2.226086618089079434e-03 1.078393701855596097e-02 4.393619318804628179e-03 1.598736637250916873e-02 -1.439037515585988615e-03 7.897810109095321218e-03 3.615151770166237250e-03 -7.590051417368741567e-03 1.478742356401589221e-02 3.480445315637586794e-03 -2.311538171746101156e-02 5.020245888679033576e-03 1.555417915663883689e-02 -9.740651240626455737e-03 -4.546155962697527239e-03 -1.100086044886398537e-02 2.495880066640309390e-03 -4.595539016229032055e-04 -9.431167936084247725e-04 2.445641865504193622e-03 1.169265336157502069e-02 1.381307768717030676e-02 -9.209352341839630030e-03 1.014070078892204824e-02 4.066473912946991578e-03 -1.033694669977622271e-02 5.462671966480498603e-04 -4.953062192743730961e-03 -1.230188271404635339e-02 7.881568059637524340e-03 7.552218140829198428e-03 -1.480749740228527386e-02 -6.994585027483989255e-04 1.494036236027924611e-02 -1.015377717622166368e-03 -1.411853324173137532e-02
-2.599992504441689996e-03 1.825299078881385470e-02 -1.717309838807353634e-03 2.033329626866207940e-02 -3.227447251784175582e-04 -1.803755794947854013e-02 3.963623639246420874e-04 6.573887761862227432e-03 1.305122605275051313e-02 -1.022255438893217468e-03 -6.581366877672114625e-03 -3.473930685154509590e-03 -1.773987730291213226e-03 -5.927494814080723137e-04 9.903884071850185475e-03 -1.664792510737599790e-02 -8.524712842763906666e-05 1.901725014117673293e-02 7.373762208441980541e-03 4.139831340956348291e-03 -1.404413926513505169e-02 -4.031480823794846187e-04 3.078340925590478550e-03 -2.674548227967309642e-03 2.216258590536890252e-03 1.657698006981784059e-04 -1.628895910623728849e-02 1.258155582445277115e-02 -1.525323562856026631e-03 -2.822438244037565793e-04 -3.699184255002046368e-02 2.749474894991059577e-03 6.034982062861328489e-03 3.076638518359358938e-04 1.251133880004131390e-03 8.210998338782271935e-03 2.897737390028855622e-03 -3.484913599727666039e-03 -8.938253739030690981e-03 -1.743593250024701169e-02 2.900543875942284203e-03 1.954196181396176350e-03 1.256809545119788943e-03 -4.419889763111901557e-03 9.999094508216328434e-03 1.760775836817222995e-02 -2.352819874163900905e-03 -2.142349116783762164e-02 8.177371525134272557e-04 -1.284888013394462711e-03 9.396231987173688394e-04 8.090800971439753714e-04 -6.232673163249471439e-03 -1.549706392771746421e-03 -9.177343201167017205e-04 4.033035412000163938e-03 -1.665519749914504046e-03 7.324660020073823011e-03 3.881311013392088356e-04 -1.667664267897253118e-03 1.019384166550240528e-06 4.333231019670244488e-03 1.013030309943204442e-02 -4.943973983561097095e-03
-7.030138470644446171e-03 -1.078375587590718609e-02 -2.076643547892047248e-02 -1.596449416498756449e-02 -1.078460726828617267e-02 -1.669892774350937182e-03 -1.066615366315899413e-04 -2.878556480109165441e-02 -1.559381774816796795e-02 4.001681640585104914e-03 9.147762373804121591e-03 1.928134050418989220e-02 -8.585234691491291925e-03 -3.047847558327973494e-03 -1.843592269046313153e-02 -1.443248934355784857e-05 -1.131317486710433154e-02 -1.436287965440389419e-02 -6.427492942174921342e-03 6.311228504608090012e-03 6.550365160057122771e-03 7.478109636255295990e-03 -2.541662811788462234e-02 -4.241949220709027510e-03 -1.315505452528706147e-02 1.383976782742858506e-02 2.036530973083371804e-02 2.890629648274026936e-03 3.058265104016358142e-03 -1.375090048655192368e-02 1.215551451961340880e-02 -1.256421529171981334e-02 -2.500320156494951866e-03 -9.171727010901707666e-03 -8.251872901700148949e-03 -2.692838777466975697e-03 -2.211077418108388024e-02 -8.440520446996481463e-04 2.226334549692949444e-02 6.235310630231367945e-03 -2.265340658166907495e-02 6.939555245969768887e-03 3.436940090584603277e-04 2.043934919495093636e-02 -9.892700041279641962e-03 -1.363193700267457953e-02 2.936109016213090013e-03 1.213021638159041821e-02 -1.422794016558244674e-02 -8.920690268800740563e-03 1.337002154379651406e-02 -1.035202543234209176e-02 -5.887021601674120776e-04 1.422903673778215181e-02 2.836961492765162265e-03 3.967025545050970048e-02 1.049258016982354373e-02 -1.149868815026909748e-02 -9.756016913376025154e-03 1.936603341410003676e-02 -7.494726735893689901e-03 -2.207415061050684371e-02 -3.691307592423548594e-03 2.481490737308161137e-02
