1.015377609349493726e+00 -4.212194248136487754e-03 -1.131140671811761006e-02 -3.526482146246913505e-03 9.605661766868864998e-03 2.849075256589652261e-03 -9.093428622475680997e-03 -7.409173569864245870e-03 -5.066171076254562082e-03 3.169503325471494538e-03 1.186375295421669045e-03 -1.464223266026896259e-02 3.516504415155571970e-03 7.996752861635422066e-03 -2.451784716539809512e-03 9.141624900261917635e-04 7.353241084677849745e-03 -9.344525863677606223e-03 -7.321393822568859205e-03 1.091114986732095483e-02 4.801349189636932788e-03 -3.791694306022870206e-03 4.751107082399076351e-03 5.001488446906923041e-03 -9.228132918714887153e-03 -1.060220075459379283e-02 9.529953698828461106e-03 -3.872466417574028930e-03 7.369868188839781391e-03 9.083229400424367231e-03 5.767171007158513989e-03 7.123714604006822597e-03 -6.246330196744357376e-03 1.083780321998822904e-02 -1.605748893591759166e-02 -6.232026085304456092e-03 -1.033973319381833664e-02 4.339015556063889265e-03 -4.093597797660016198e-03 4.751698773108489066e-03 1.601787838521746138e-02 -9.324373230819898301e-03 -9.393588318211248608e-03 9.368498190712998622e-03 -1.043759340209751002e-02 -4.636347921894780864e-03 8.236273243329964369e-03 6.063866628911051063e-03 9.362545321895248199e-03 8.666982807583753501e-03 -7.795534388014664466e-03 4.661587608884197424e-03 1.144734562854433403e-02 -1.061162146523040098e-02 2.213065295032853527e-02 9.866485354932378118e-03 -5.975190279701779981e-03 -1.436295461531469269e-03 1.362588605406578335e-02 -8.137287739506492493e-03 -2.677842049263654944e-03 3.698558476279927617e-03 -4.695570760912730866e-03 6.201399617850048484e-04
-4.212194248136462600e-03 1.004783215010863318e+00 7.126282108230215864e-03 2.794908538357272852e-03 -3.740229026875738043e-03 -4.185854084360028649e-03 2.967142086412363246e-03 5.138438321374525462e-03 3.019016072680927483e-03 4.124218556479291925e-04 1.290029689017791869e-03 2.790818990007718197e-03 -1.079916488843705525e-03 -6.440785031770809160e-03 3.009313906155164364e-03 -5.598387918492332346e-03 -2.939382321408079337e-03 8.364846053339234505e-03 3.109471368750817144e-03 -8.258025880171902811e-03 -1.754031375845578047e-03 -6.253455339690925177e-05 3.108632095619137019e-04 -1.510827200937820596e-03 4.578881903598187517e-03 3.001926532416081088e-03 -7.690046867872994685e-03 5.495324408114173531e-04 -1.819552994220667921e-03 -2.838131976545159654e-03 -2.140298818495305500e-03 -2.742025935845514729e-03 3.318379950361279897e-03 -3.876368012053074946e-03 6.734991511382939534e-03 2.970061893222304683e-03 5.553985837139012623e-03 -8.918921826313759831e-04 -4.942228762680032526e-04 -2.459209138761689166e-03 -2.421307768408445093e-03 4.446655505648877682e-03 4.512952447019820228e-03 -3.747515313638854779e-03 6.898247896839921484e-03 3.405848993604882781e-03 -2.991728561204396244e-03 -3.641945167964329242e-03 -3.486233891311644323e-03 -4.691908613352910838e-03 1.933231524713941232e-03 -3.647316236570251943e-04 -1.256348415972673334e-02 2.873397681550043589e-03 -1.008528897800054294e-02 2.496676013124325601e-03 1.895805203135207629e-03 -5.582385602808280977e-04 -4.525477803013751819e-03 2.794716439673804349e-03 -7.747941526600607897e-05 -3.906922966320702448e-04 5.041240748191013268e-03 -2.806114570794930162e-03
-1.131140671811763088e-02 7.126282108229990350e-03 1.031348427635387255e+00 6.004057367519093427e-03 -9.797634965769068394e-03 -3.153461871845351754e-03 1.150579469318960962e-02 2.312879834366830117e-02 7.699051928006883302e-03 -1.447294460117455649e-03 4.077754921184664413e-03 6.283095852359331379e-03 -2.497114231539577806e-03 -2.209820218152104554e-02 -8.393284710492613515e-03 -2.334608485108720290e-03 -8.285057706113256593e-03 1.583527051207438488e-02 6.701903170087129651e-03 -3.557465266985240099e-02 -8.061436507974780244e-03 1.805992208084336191e-03 3.504837534196647651e-03 -6.261024445367076134e-03 1.794992993014723690e-02 6.899859366629498836e-03 -1.868558788673219465e-02 4.300398104623096192e-03 -6.651843245633835486e-03 -7.834904199681818129e-03 -7.674831577891588763e-03 -1.055732943554743911e-02 1.034026410101937521e-02 -1.063321801000012383e-02 2.196556137397373890e-02 1.031827171782861464e-02 1.178484171769638399e-02 -3.894248473132707385e-03 4.625177629169541400e-03 -6.976985472788063691e-03 -4.349692096575029712e-03 1.319309567039432182e-02 1.435000472159586593e-02 -2.055455981550417810e-02 1.243427702255520476e-02 8.018180524819279800e-03 -7.937336978093600601e-03 -9.365803836296437285e-03 -9.890188839451851191e-03 -1.502986064838221156e-02 3.585917825294364630e-03 -4.358016769676217872e-03 -1.853303958332413667e-02 8.698341630374381225e-03 -3.020539293571675513e-02 9.465058468269650638e-03 7.720118573537601732e-03 -2.318468750274132063e-03 -1.224683376150362095e-02 6.296948082160543254e-03 2.618911753226457577e-03 1.511635685697496542e-05 6.589629228175767836e-03 -1.346169705130064245e-02
-3.526482146246904831e-03 2.794908538357402956e-03 6.004057367519113377e-03 1.003082443155944192e+00 -2.743599207039528962e-03 -1.826269100996243426e-03 3.616427706809268849e-03 3.713991809354899760e-03 2.728735484428329843e-03 -9.531792828013624765e-04 4.533161511296564185e-04 1.705047154077469216e-03 -1.235672976473220800e-03 -4.899929556745405770e-03 2.532814663604015474e-03 6.849482886392986624e-04 -2.245306884410808342e-03 7.367238527532520183e-03 3.263819088011042733e-03 -6.679779490476492158e-03 -2.881100138613109859e-03 8.101011174247511578e-04 -6.392868001396802930e-05 -2.714637680759893548e-03 4.528414981168316436e-03 2.052648779241268966e-03 -6.177756765211804037e-03 2.387961596777145139e-03 -2.004865043241741990e-03 -2.038504043837272364e-03 -4.444359828986881901e-03 -3.746221043093357541e-03 3.203707371901897381e-03 -2.797043527201825090e-03 5.033847076767697382e-03 4.301642633473190189e-03 2.322754430841019336e-03 -2.161102488039299326e-03 2.537401367514039493e-03 -2.739480518710176674e-03 -2.239689406581966014e-03 4.538043299173398146e-03 4.077658231843806803e-03 -3.900340883664630588e-03 5.363844587309212972e-03 3.564363577213923873e-03 -2.422601555552244754e-03 -4.634019306283668205e-03 -2.926540369334181772e-03 -5.033187984238917528e-03 9.657433961697107789e-04 -2.017146120370408996e-03 -2.316270277728833902e-03 2.295469799698967271e-03 -7.549444981571332668e-03 -4.447724063151864068e-03 2.804688642127007876e-03 1.558988470068755163e-04 -2.999912780374201001e-03 1.964137160653815686e-03 1.954943876608667818e-03 -4.744354667915239932e-04 2.086183100711774558e-03 -1.781816673197662198e-03
9.605661766868738363e-03 -3.740229026875656077e-03 -9.797634965769054516e-03 -2.743599207039545875e-03 1.007133161412286482e+00 2.517880007390272106e-03 -6.103088662144476838e-03 -5.560205572460178575e-03 -3.629624132270632946e-03 1.329780312852516487e-03 -7.830532476213540030e-04 -1.033833567974248163e-02 2.376479577427266510e-03 7.663120660835377566e-03 1.810487328854993964e-03 1.741069827432426866e-03 5.708886825950195212e-03 -7.631908667970430452e-03 -4.343979135961401408e-03 1.143463208787671818e-02 3.540769427484668792e-03 -2.150120280325404105e-03 3.702052184921400188e-03 3.555273175582858870e-03 -7.038495500619228878e-03 -7.411814571733660491e-03 7.840709647806146793e-03 -2.603170535080686927e-03 4.293418592103599891e-03 6.469187143507336597e-03 3.791899250016299815e-03 5.711690335345531028e-03 -4.980008932911828695e-03 7.810682203419941697e-03 -1.114142186265676057e-02 -4.956868633804588364e-03 -4.978773588932203925e-03 2.752275462182015523e-03 -2.991996344431688271e-03 3.391856435801254843e-03 1.189974624717033899e-02 -7.196784474967445923e-03 -7.311057181764581830e-03 6.563780866263806309e-03 -7.056396422801033269e-03 -3.586274878199858726e-03 5.167239230804032690e-03 4.371514841619716582e-03 7.005716123134808279e-03 7.507574248833362267e-03 -4.978152298156532027e-03 3.306136151523437778e-03 1.290582369789594619e-02 -7.526724630323912250e-03 1.615887699934571986e-02 -3.736191514304112895e-04 -4.427828776970528686e-03 2.966935872342417566e-04 9.539359214956032867e-03 -6.397656885754802666e-03 -1.196030316882747309e-03 3.530094297091040251e-03 -3.920545365670591136e-03 4.992033111456436849e-04
2.849075256589813591e-03 -4.185854084360116252e-03 -3.153461871845485761e-03 -1.826269100996248413e-03 2.517880007390282081e-03 1.004466701397512818e+00 -1.298479459799228375e-03 -2.652575224688911906e-03 -1.846301606260655455e-03 -9.158411543692886484e-04 -7.952877532186633210e-04 -1.953975318384305621e-03 6.690983289959009667e-04 3.604575566984642883e-03 -3.794827857336346196e-03 6.572594034523603773e-03 1.790448601055564951e-03 -6.269893710079491207e-03 -2.247687788961147664e-03 3.816156641643895370e-03 1.005211982485793658e-05 5.169745468475029498e-04 -1.719453941114078505e-04 1.343238050569131093e-04 -2.224975256223726394e-03 -2.134808556983960881e-03 5.153040419628576035e-03 6.925818089897018900e-04 9.722135408903665506e-04 1.804859898381526960e-03 2.403591896435368163e-04 7.943306436891723775e-04 -1.828178488287235696e-03 2.600114978760384964e-03 -4.253036674458028459e-03 -9.134999475602286487e-04 -4.780174068750502568e-03 3.621172753947980195e-05 2.122693121304460116e-03 1.172706154515777699e-03 1.527860730629204081e-03 -2.376570597062345035e-03 -2.459027684851142290e-03 1.276627632273593738e-03 -5.477573360712940757e-03 -1.954983448544194390e-03 2.018892987049923562e-03 1.970110178590753040e-03 2.096860283907472054e-03 2.203168514553909604e-03 -1.551082540055375922e-03 -6.058278474644167560e-04 1.001808245301201092e-02 -1.760077841168038518e-03 6.715563039914980957e-03 -3.691746162619488712e-03 -4.023068291481035901e-04 3.254417193426949921e-04 3.131915821092266967e-03 -1.838626206521430054e-03 1.282461722840453006e-03 1.600337674343327613e-04 -4.534534101603053015e-03 1.419134324149749857e-03
-9.093428622475630690e-03 2.967142086412273040e-03 1.150579469318954544e-02 3.616427706809185582e-03 -6.103088662144567911e-03 -1.298479459799288223e-03 1.007343014228734512e+00 7.623794342163162097e-03 4.080175071496015826e-03 -2.468984493818349515e-03 1.578924333092034040e-04 7.076803000736380141e-03 -2.347622221919965640e-03 -7.867052783962821122e-03 -1.322341479735370234e-03 2.569998192684651642e-03 -4.885354682973930621e-03 8.917202379725038680e-03 5.356541393369598433e-03 -1.219313349299933243e-02 -4.665434340293249729e-03 2.555948149223863028e-03 -1.586921624273280240e-03 -4.616335194397701985e-03 8.584378054356588822e-03 5.754302469382948509e-03 -8.304583959189707626e-03 3.913502254162109888e-03 -4.970043869064243690e-03 -5.329789315508621540e-03 -6.074683082608301268e-03 -6.568120966868085803e-03 5.456842974773981093e-03 -6.710040059432246899e-03 1.149364823259506514e-02 6.457111272359736948e-03 5.653803366426866060e-03 -3.821527495506620454e-03 4.800592138722945684e-03 -3.988972921497167985e-03 -7.811630073000455469e-03 7.812550569701317074e-03 7.638067925018974733e-03 -8.919766030618234490e-03 7.673880467152447912e-03 4.443484666568943420e-03 -5.281009104970770494e-03 -6.063341536967096525e-03 -6.311995783216116894e-03 -8.153829134649787438e-03 3.574917312834410658e-03 -4.244931265232858644e-03 -3.597316693442214816e-03 6.361055654367884539e-03 -1.602735775436739049e-02 -6.472368030124978078e-03 5.177977020061916812e-03 4.316600967848894534e-04 -8.013159863412663148e-03 4.655798829117653928e-03 2.985623998944060466e-03 -1.799225296406707772e-03 2.324759565910056690e-03 -2.542389350748481408e-03
-7.409173569864161736e-03 5.138438321374644291e-03 2.312879834366828036e-02 3.713991809354983895e-03 -5.560205572460154289e-03 -2.652575224688979126e-03 7.623794342163131739e-03 1.024277072083841222e+00 5.569673335308407587e-03 -1.320506731699640267e-03 1.567554398871680993e-03 -4.064955931121806698e-04 -7.509668071183341282e-04 -1.463705234617615827e-02 -6.390700714279294592e-03 -6.803916065274257484e-03 -4.596579996964644463e-03 1.058767025800304989e-02 5.317499256185621165e-03 -2.149234579015852145e-02 -4.865251468527436590e-03 6.931462600597837736e-04 8.655915084996235881e-03 -3.262236761656411074e-03 1.341712296511955033e-02 2.449716374302613863e-03 -1.240395558846318393e-02 1.674281800523181067e-03 -5.723609282817990543e-03 -4.231360337429021339e-03 -4.406201167774176711e-03 -5.122362082471919147e-03 6.721457840855854689e-03 -6.293694110685065998e-03 1.952079274335756856e-02 5.513127247563857913e-03 2.293660958145488440e-02 -1.717071246385406137e-03 1.152954160120620789e-04 -4.608368391346810700e-03 7.713666232692014194e-03 7.859108643196830932e-03 9.225427660021524867e-03 -1.793863991950712597e-02 1.038235903806843628e-02 4.702499157478065052e-03 -6.732131128030943192e-03 -5.999119081581545145e-03 -5.331210075393790458e-03 -7.945250164308411550e-03 1.973237914758155589e-03 -9.575806950353854497e-04 -1.285838515657873084e-02 3.964387018238676834e-03 -2.341179386012481184e-02 6.157557009036862539e-03 4.009445648980643033e-03 -7.790989277662985807e-06 -7.980552043219514904e-03 1.489430218169668450e-03 5.348378543584074007e-04 5.431448836373045652e-03 6.304297108894402549e-03 -1.644818487101743984e-02
-5.066171076254488356e-03 3.019016072680760950e-03 7.699051928006840802e-03 2.728735484428183259e-03 -3.629624132270679784e-03 -1.846301606260669984e-03 4.080175071495932559e-03 5.569673335308261003e-03 1.003241180717329151e+00 -1.088178666139620219e-03 2.031786968698765406e-04 2.831251843651002697e-03 -1.388380151746656513e-03 -6.140283522426963521e-03 3.764618898089909689e-03 -1.314531608449512421e-03 -2.997422529143917071e-03 6.813704140679439740e-03 3.501665165034277202e-03 -7.841590480619565692e-03 -3.315240322354608832e-03 1.053355161320508127e-03 2.985586567291669078e-04 -2.806875281229485788e-03 5.144757776472675889e-03 3.021478243569334157e-03 -7.005872175170193249e-03 2.257754430860422698e-03 -2.730257811413554225e-03 -3.096192806334845029e-03 -4.135527815378806094e-03 -3.872869644787117066e-03 3.508426281839731060e-03 -3.877250192086205069e-03 6.980466919203178258e-03 4.113733583113459921e-03 5.285842244446370061e-03 -1.938822829528489070e-03 2.109865983917468598e-03 -3.300885380706981495e-03 -2.466384011433055742e-03 4.951864399210092332e-03 4.813349428690277473e-03 -5.041419264297442547e-03 5.946493764546930717e-03 3.659868376624348611e-03 -3.428329199294697423e-03 -4.372292871843160879e-03 -3.719437451188707840e-03 -5.171928455230632819e-03 2.107367918476381503e-03 -1.617600568527488179e-03 -6.864627108521884069e-03 3.194894960271445032e-03 -9.552386547993006391e-03 -5.011138736350858811e-03 3.085012786916428978e-03 3.374392976167201472e-04 -4.495593732629591527e-03 2.666379725345467688e-03 1.982991205201925251e-03 -1.418317153465217687e-04 3.148556473876562393e-03 -3.083850244018879715e-03
3.169503325471499742e-03 4.124218556478580688e-04 -1.447294460117486657e-03 -9.531792828013905573e-04 1.329780312852480925e-03 -9.158411543692577487e-04 -2.468984493818238493e-03 -1.320506731699745868e-03 -1.088178666139609594e-03 1.002007491044735188e+00 1.391734543936597526e-03 -2.002006732315060340e-03 9.079103472910566436e-04 4.948765812267159501e-04 -1.426209635574046414e-03 -3.318412117213152563e-03 1.054358865889731258e-03 -1.254881098779195335e-03 -2.093622412251231260e-03 2.082815709622693465e-05 2.039232874440919611e-03 -1.644341040816575499e-03 6.107550891115510810e-04 2.027343638520372887e-03 -1.927072308473562392e-03 -1.495294802061222870e-03 9.100055935412640698e-04 -2.298917020500335084e-03 2.148429483326672398e-03 1.418156938919189853e-03 3.182965429481043017e-03 2.071587531687641565e-03 -1.261358516358253865e-03 1.574638279937290745e-03 -2.780538109520928718e-03 -2.247637180963335275e-03 -2.029895232492987412e-03 1.906603803109626965e-03 -2.972616669159941841e-03 1.528536224036870480e-03 2.106886980679403658e-03 -2.012994619513447207e-03 -1.662681210027349950e-03 2.346232493211756771e-03 -1.691742386152194190e-03 -1.147587165941831499e-03 1.820637167723696643e-03 2.176186907989176127e-03 1.571946893125062686e-03 1.821188765390151709e-03 -1.212333475787160438e-03 1.993378255461303230e-03 -5.100421315033671840e-03 -1.733009992623635396e-03 3.031598407370919047e-03 8.959109886543928369e-03 -1.972214840424120832e-03 -1.373816633067130111e-03 1.921061649145237513e-03 -8.865374867656393649e-04 -2.208202004844655748e-03 1.491767455157147503e-04 7.410616154307486788e-04 1.504526204226066296e-04
1.186375295421706558e-03 1.290029689017730503e-03 4.077754921184605433e-03 4.533161511294781214e-04 -7.830532476214267529e-04 -7.952877532187547192e-04 1.578924333093415856e-04 1.567554398871724578e-03 2.031786968699541966e-04 1.391734543936659543e-03 1.002688674490405996e+00 2.366384384120520299e-04 2.430706583575478557e-04 -3.433357477803490945e-03 -6.888356657111078217e-03 -1.246473227196159567e-03 -8.558155473993944804e-04 2.260351166119440539e-03 -9.754427289812975027e-04 -7.023822360557535963e-03 2.697569743550854422e-05 -8.582278136528660381e-04 -2.543308454917601945e-04 3.532123880547576988e-05 1.831614038166829795e-03 1.501954056425240137e-04 -2.147157728591508104e-03 -5.736883755902530586e-04 9.354800171545259906e-04 -2.115432036602903369e-04 8.034643229347777048e-04 -1.110541004726549709e-03 1.148589954878608032e-03 -5.994497085911634467e-04 1.013143270357250462e-03 8.720899570543686353e-04 -2.439765017159899792e-03 4.574667394636764491e-04 -2.802187504529403427e-04 2.483758722138152851e-04 -9.346908025911558181e-04 1.288891641417522086e-03 1.576428655679993317e-03 -1.279855308170739676e-03 1.283770886187513016e-04 5.249195730012898558e-04 6.373926158282691018e-04 -1.433162033825368265e-04 -8.025351120999562162e-04 -2.316488980930452111e-03 -7.740293512701675472e-04 -6.278197685793203593e-05 -6.773209231891670450e-03 3.865772204722157154e-04 -2.666843122366359571e-03 1.136897328634364421e-02 2.926204505504713892e-04 -2.199428188726446597e-03 -4.460469233493010084e-04 9.029360484980492344e-04 -1.156279865241361489e-03 -1.220011658151308204e-03 9.512497952891855665e-04 -5.633702258024274236e-04
-1.464223266026895738e-02 2.790818990007720799e-03 6.283095852359401635e-03 1.705047154077538388e-03 -1.033833567974243306e-02 -1.953975318384369372e-03 7.076803000736402692e-03 -4.064955931121154008e-04 2.831251843651121525e-03 -2.002006732314991384e-03 2.366384384121708313e-04 1.021522893292458267e+00 -3.441103012197325658e-03 -5.070757718715381002e-03 -7.255397845251381275e-03 -1.771732606489094715e-04 -7.995536727606248825e-03 4.632167801520856165e-03 4.142886360643275798e-03 -8.910702211072454165e-03 -2.999440117997609866e-03 3.834340883484404442e-03 -1.129312615126495251e-02 -3.725206437288543053e-03 6.103818034240577825e-03 1.301470836154535252e-02 -5.175950279491352279e-03 2.948330972955633469e-03 -5.613134379676748033e-03 -1.007139585181312559e-02 -2.820035553958675622e-03 -6.419329102873215682e-03 4.979879928231688985e-03 -1.164907916374653338e-02 1.235284219036763415e-02 4.454310594012803742e-03 1.221446230960081139e-04 -3.502909952943434463e-03 4.172032463602935552e-03 -2.596781895531597058e-03 -2.746668470594439138e-02 7.735203021871192748e-03 7.961614652684237056e-03 -4.572857305389248228e-03 5.267765102503850667e-03 2.271284470272018959e-03 -6.212057884907104185e-03 -2.840581753290492492e-03 -9.933608847723030683e-03 -7.771818599974333885e-03 8.760003512520585581e-03 -5.292272677874051805e-03 -1.581420303109228390e-02 1.262595955951006585e-02 -1.906677946178271174e-02 3.153761002417638723e-03 5.122321450188145435e-03 -2.827736393270897475e-04 -1.470290796501955502e-02 1.078410146030121634e-02 6.925403267043289072e-04 -9.118959836253961310e-03 2.758543541115245946e-03 7.122822018382214161e-03
3.516504415155580644e-03 -1.079916488843637870e-03 -2.497114231539651966e-03 -1.235672976473322715e-03 2.376479577427349776e-03 6.690983289958322283e-04 -2.347622221919871532e-03 -7.509668071182898927e-04 -1.388380151746702049e-03 9.079103472910939401e-04 2.430706583575900582e-04 -3.441103012197283158e-03 1.001124766208661532e+00 2.176322676273211108e-03 -1.760029060094433530e-03 -8.487837745645257807e-04 1.927501573234743828e-03 -2.936548589077420720e-03 -1.990846305099604543e-03 2.927369995532740857e-03 1.713885097881397276e-03 -1.102323683453443901e-03 1.715807055258421936e-03 1.754934774711192427e-03 -2.106151980218581334e-03 -2.559210927883933881e-03 2.679617407228876078e-03 -1.641705916073443912e-03 1.597836609449482031e-03 2.225072260337020852e-03 2.318548759719312336e-03 2.406573624192078192e-03 -1.745443298871208332e-03 2.553006681673037053e-03 -3.021903681820826190e-03 -2.270430976854087134e-03 -4.399489594584432063e-04 1.492766252382731872e-03 -2.066293216796156410e-03 1.604052780457433398e-03 4.439094025049266680e-03 -2.725078749099819203e-03 -2.463671599274161721e-03 1.626882499390400845e-03 -2.650810210219762143e-03 -1.604820557116660388e-03 1.836145654720758693e-03 2.132043639879735268e-03 2.454591700020461193e-03 2.836241156093019349e-03 -1.758699794317858086e-03 1.646338552720678916e-03 2.271376527776522870e-03 -2.575026903087552013e-03 4.611613639916579445e-03 3.820293903206879726e-03 -1.961519903722151476e-03 -3.115236947160712560e-04 2.981176042953451871e-03 -2.257930936047838639e-03 -1.207473278945293436e-03 1.423565542180005869e-03 -9.141939798417869113e-04 -5.331335660147269295e-04
7.996752861635555640e-03 -6.440785031770877682e-03 -2.209820218152111493e-02 -4.899929556745478629e-03 7.663120660835478180e-03 3.604575566984603418e-03 -7.867052783962824591e-03 -1.463705234617606460e-02 -6.140283522426988674e-03 4.948765812268004095e-04 -3.433357477803572044e-03 -5.070757718715390543e-03 2.176322676273244067e-03 1.017581749622935128e+00 3.413215665478754610e-04 3.870531448114560187e-03 6.601932938289996507e-03 -1.295663137663277849e-02 -4.945247747681511159e-03 2.633879728274757595e-02 6.232430349888195414e-03 -1.040800954357567511e-03 -1.454985243963784289e-03 4.843723441816518566e-03 -1.225435121897347317e-02 -5.528938292049712273e-03 1.557484943264011122e-02 -3.257269387973032310e-03 4.154714427237925049e-03 6.162786965203583683e-03 5.940265805833452178e-03 8.268218388450900708e-03 -7.769440261777734759e-03 8.078779390997020693e-03 -1.453718675817154866e-02 -7.979865764758864791e-03 -6.105858082919597869e-03 2.695950343715460516e-03 -3.408611363921287829e-03 5.862214260005691596e-03 4.907379635816586788e-03 -1.017211738939105721e-02 -1.067578091500871219e-02 1.270218874641167693e-02 -9.845999914258283039e-03 -6.725932463445081361e-03 5.635751990725483898e-03 7.503303215623587791e-03 7.760666032644207915e-03 1.189194987675228944e-02 -3.016735759979781353e-03 2.859820741750831227e-03 1.765437303793617255e-02 -6.480159403514611574e-03 2.084213724738860976e-02 -6.587525520294020866e-03 -5.948371607275218867e-03 2.070502289455575500e-03 8.917453513000333717e-03 -5.706772029458299228e-03 -2.040185232137167910e-03 9.789516810472026140e-04 -6.278617305225392062e-03 8.583574406577773250e-03
-2.451784716539843340e-03 3.009313906155209033e-03 -8.393284710492590964e-03 2.532814663603991621e-03 1.810487328854992447e-03 -3.794827857336311502e-03 -1.322341479735388015e-03 -6.390700714279124589e-03 3.764618898089950455e-03 -1.426209635574102142e-03 -6.888356657111135463e-03 -7.255397845251447195e-03 -1.760029060094463454e-03 3.413215665479337369e-04 1.066967759880966815e+00 -4.640112608652228500e-03 1.931989833354492460e-03 3.881120214105924452e-03 5.946059583965454184e-03 1.449590026749028593e-02 -2.119664647734116180e-03 -3.594886692555709765e-04 3.740061892038626379e-03 -1.182913363586519679e-03 -6.604005563770962671e-03 -1.485318013181506679e-03 -8.117266581971082154e-03 1.021529859268176547e-03 -7.297824079627265620e-05 5.780976868065812978e-04 -4.438589155722262938e-03 1.420762876922496533e-03 -2.311296625637427292e-03 2.211423235394668722e-03 -8.049651224102517474e-03 -3.556713223402242319e-04 4.627199702481531521e-03 -4.172722537903371062e-04 -1.852263217758365636e-03 -5.056555829571074065e-03 7.394547196075501767e-03 -1.028696828508907698e-03 -3.378353114792542831e-03 9.085761718770679618e-03 8.014601314665270940e-03 4.749444168907795104e-03 -2.239706045866238920e-03 -4.583649020819135882e-03 1.915991767464547994e-03 3.375715198583434905e-03 2.473799229853365558e-03 3.782322743839566185e-03 3.925272967179216539e-03 -3.599037180435607237e-03 1.164653529345939693e-02 -5.391718786111333872e-02 -1.364424385156763457e-04 5.592511749844419726e-03 3.650327865984996471e-03 -1.199516454998427470e-03 5.966284337587964177e-03 5.855014362007355047e-03 5.621477305602841368e-03 -2.424381734127640815e-03
9.141624900263302161e-04 -5.598387918492262090e-03 -2.334608485108617508e-03 6.849482886393267432e-04 1.741069827432507747e-03 6.572594034523700050e-03 2.569998192684629090e-03 -6.803916065274294780e-03 -1.314531608449551886e-03 -3.318412117213082307e-03 -1.246473227196170193e-03 -1.771732606491330068e-04 -8.487837745645450795e-04 3.870531448114561054e-03 -4.640112608652362941e-03 1.021181184709900380e+00 1.216532649610196784e-03 -2.434223742504679384e-03 3.364200904515848422e-04 3.595918752104436487e-04 -2.361486768063374934e-03 2.596927168526389634e-03 -4.073903898275387479e-03 -3.407971643459384824e-03 3.453463067898326975e-04 -1.065735316810625640e-03 4.359116231362851306e-03 4.796086361992580628e-03 -2.415171019589510597e-04 1.378669962346236021e-03 -5.226192728377043739e-03 -3.744258078231859667e-03 3.330930791884772314e-05 1.916345536701143668e-03 -5.521209610740147704e-03 3.947731274574693174e-03 -1.613318403390562664e-02 -3.944480587935205937e-03 9.086431689662098979e-03 2.449305879272643013e-04 -5.103520227174738501e-03 1.034846278369583750e-03 -3.747286887769427696e-04 -1.518943971218063521e-04 -4.711016869254155796e-03 5.394206388137052306e-05 2.038112438808500730e-03 -2.150019668889761697e-03 5.478358820834359046e-04 -2.169333157626297283e-03 -2.362163042492277949e-03 -5.881561216613356152e-03 2.956256628153342697e-02 2.836250854824255637e-05 5.975734810770879160e-03 -1.637635027632836429e-02 2.870743443483977659e-03 5.491208287976376713e-04 3.154147046883710830e-03 -8.240504762602170272e-04 5.167824458725297880e-03 -3.047877287656815953e-03 -9.278714522864515979e-03 6.049432730630846175e-03
7.353241084677795969e-03 -2.939382321408047245e-03 -8.285057706113239245e-03 -2.245306884410957961e-03 5.708886825950320112e-03 1.790448601055592490e-03 -4.885354682973821333e-03 -4.596579996964688698e-03 -2.997422529143946995e-03 1.054358865889839895e-03 -8.558155473993448240e-04 -7.995536727606248825e-03 1.927501573234673355e-03 6.601932938289985231e-03 1.931989833354489858e-03 1.216532649610155802e-03 1.004710499292839510e+00 -6.109926842633030958e-03 -3.280023418183431860e-03 9.893537443169153275e-03 3.216133680577070754e-03 -1.765198930494431013e-03 2.934464290405855956e-03 3.109086591125968541e-03 -5.732797639601513659e-03 -5.797559395336845597e-03 6.486077955959264688e-03 -2.372902144340419475e-03 3.274624258411614440e-03 5.199858099658075973e-03 3.367007524858820888e-03 4.947846060535633465e-03 -4.147885935451181387e-03 6.189386345042196917e-03 -8.751489595285136605e-03 -4.312892575387815980e-03 -3.500846985535300670e-03 2.250299913447850221e-03 -2.866103022058324838e-03 2.997315951593603357e-03 9.206716011223792934e-03 -6.004992398839282576e-03 -6.059569649438254803e-03 5.284188346450171062e-03 -5.421206382219219411e-03 -3.046921671247481388e-03 4.021642646824889408e-03 3.684651475243649280e-03 5.711929445190428931e-03 6.450334197361438232e-03 -3.862166449800143089e-03 2.764089498250071365e-03 1.129418053604699067e-02 -5.953448349553369830e-03 1.271065295292820099e-02 -7.157964139206865603e-04 -3.829256783847390707e-03 4.144304727733195992e-04 7.468547250211229199e-03 -5.245958308929735310e-03 -1.146188149805534105e-03 2.922215770223938591e-03 -3.132814544123683001e-03 5.753467078663994112e-04
-9.344525863677517752e-03 8.364846053339194606e-03 1.583527051207435019e-02 7.367238527532545336e-03 -7.631908667970412237e-03 -6.269893710079498146e-03 8.917202379725061231e-03 1.058767025800303255e-02 6.813704140679395505e-03 -1.254881098779195119e-03 2.260351166119340793e-03 4.632167801520811930e-03 -2.936548589077541717e-03 -1.295663137663270043e-02 3.881120214105971290e-03 -2.434223742504700635e-03 -6.109926842633056979e-03 1.020639304795132762e+00 8.388147249654011317e-03 -1.770947551544979973e-02 -5.973736099086165811e-03 1.269722555412866995e-03 2.447832637715481596e-04 -6.016835505715711387e-03 1.195049824531924446e-02 5.702850506770731909e-03 -1.626612153745439493e-02 4.453539324571406492e-03 -4.982289254298230899e-03 -5.486293900096156188e-03 -8.912294345984653546e-03 -8.978865563107995065e-03 8.345287899444451055e-03 -7.702495543787439732e-03 1.460000902183172973e-02 1.014974465949047486e-02 9.496142286568483304e-03 -4.684615674797066795e-03 4.425406146869148571e-03 -5.984986825600534417e-03 -4.858722792310313059e-03 1.183021765620141316e-02 1.097585084038627153e-02 -9.970339467353780613e-03 1.554389892753114608e-02 8.677969640471553184e-03 -6.542738649193365064e-03 -1.070321396523399998e-02 -7.804182968591673666e-03 -1.289807966174781606e-02 2.833990680528945469e-03 -4.115093340773499052e-03 -1.436754271066291791e-02 6.063373648657614974e-03 -2.200452838906082759e-02 -5.896806920896136353e-03 6.472328282894132014e-03 -5.223715806292151620e-04 -8.667917652362692321e-03 5.386426396340444553e-03 3.261836775260828786e-03 -1.120575470813724118e-03 7.439761156402769672e-03 -5.116717231781158295e-03
-7.321393822568858338e-03 3.109471368750815843e-03 6.701903170087159141e-03 3.263819088011017579e-03 -4.343979135961438705e-03 -2.247687788961139424e-03 5.356541393369607107e-03 5.317499256185672339e-03 3.501665165034240339e-03 -2.093622412251295879e-03 -9.754427289813632053e-04 4.142886360643280134e-03 -1.990846305099601074e-03 -4.945247747681421821e-03 5.946059583965394336e-03 3.364200904515080807e-04 -3.280023418183357700e-03 8.388147249654006113e-03 1.005455086056072256e+00 -5.714935661968759302e-03 -3.377579365432785072e-03 1.840252437962386963e-03 -3.160067396028169479e-04 -3.455877860687931943e-03 5.660485614844858876e-03 4.010212699823154266e-03 -6.870113665108851415e-03 2.971268258053130513e-03 -4.035267363526106286e-03 -3.731922024947114617e-03 -5.135340656195970348e-03 -4.383845105672440345e-03 3.879241377144585813e-03 -4.719143740174740372e-03 8.332320150308521536e-03 4.798244049755293755e-03 6.951600042940866628e-03 -3.111857967311664787e-03 3.002122174954564588e-03 -3.361073735687483167e-03 -3.951544700722601014e-03 5.728162192666374358e-03 5.256862133069096707e-03 -5.517008155278099735e-03 8.014955900678731940e-03 3.864328185693661610e-03 -4.552078988554416478e-03 -5.302247319249864775e-03 -4.357625595288069226e-03 -5.475035181976379769e-03 2.934505196979332597e-03 -2.705227032481243542e-03 -2.393163994885385247e-03 4.155274988187239969e-03 -1.137592957849948086e-02 -1.112419245603482078e-02 3.632981984762121211e-03 1.368985470786185073e-03 -5.666653783726387401e-03 2.981707168701407552e-03 2.558022080555682858e-03 -2.070117925836199380e-04 2.942344583166930493e-03 -2.323385711881662419e-03
1.091114986732089065e-02 -8.258025880171871586e-03 -3.557465266985261609e-02 -6.679779490476560680e-03 1.143463208787671992e-02 3.816156641643825547e-03 -1.219313349299934283e-02 -2.149234579015853533e-02 -7.841590480619607326e-03 2.082815709622469510e-05 -7.023822360557558514e-03 -8.910702211072367429e-03 2.927369995532662795e-03 2.633879728274774595e-02 1.449590026749025817e-02 3.595918752104516176e-04 9.893537443169196643e-03 -1.770947551544994197e-02 -5.714935661968806140e-03 1.045796628313567345e+00 8.349914553646173992e-03 -1.426303524223793357e-03 -3.811668726190956913e-04 6.739138649338169591e-03 -1.955950008704130869e-02 -8.416203782218023566e-03 2.129795773592343261e-02 -4.374136175706329517e-03 5.415039930919339842e-03 8.994586694843485428e-03 7.262866073483527189e-03 1.276984937586742724e-02 -1.178823385504782287e-02 1.212969042249781998e-02 -2.127889449660576998e-02 -1.177066969209633086e-02 -1.629679169982440863e-03 4.029625952421217634e-03 -5.769961443754426100e-03 7.000671168715233601e-03 1.052513184096669566e-02 -1.512137836268955503e-02 -1.639745757849507893e-02 2.076935868629110199e-02 -1.162645485048878491e-02 -8.744856126563203130e-03 6.932206864092581126e-03 9.755921382820513868e-03 1.164273338284897708e-02 1.844813581447379836e-02 -3.342559285075750054e-03 5.659466395243689489e-03 2.334073598580349573e-02 -1.049237187866332126e-02 3.227017349566197596e-02 -2.146336578698620004e-02 -8.739137287203074811e-03 5.173158125213659503e-03 1.333877436036058628e-02 -8.745247670256500738e-03 -1.750089456509649772e-03 3.749615605851244586e-03 -6.523728375951761381e-03 1.109563769144163159e-02
4.801349189636818296e-03 -1.754031375845485890e-03 -8.061436507974717794e-03 -2.881100138613129375e-03 3.540769427484722134e-03 1.005211982481526475e-05 -4.665434340293285291e-03 -4.865251468527470417e-03 -3.315240322354747176e-03 2.039232874440826369e-03 2.697569743556155832e-05 -2.999440117997594253e-03 1.713885097881428501e-03 6.232430349888142505e-03 -2.119664647734058934e-03 -2.361486768063333734e-03 3.216133680577134939e-03 -5.973736099086171016e-03 -3.377579365432754714e-03 8.349914553646184401e-03 1.004963571389030808e+00 -1.898410086828184514e-03 4.670803948390386687e-04 4.088106938898051525e-03 -5.365466498736857527e-03 -2.917531502533998473e-03 6.392404537432826508e-03 -4.136550320640055428e-03 2.861388621292501253e-03 3.185034830430456820e-03 6.240133428414772546e-03 5.259622665330036979e-03 -3.877572384049563989e-03 3.712813104988725750e-03 -6.145578666411140312e-03 -5.646494499333266741e-03 -2.343507372641412401e-03 2.928330157470054179e-03 -5.093707703464259336e-03 4.168297747879808925e-03 3.356842537510554801e-03 -5.603707186732696452e-03 -5.157195525881283667e-03 5.246561884924074402e-03 -4.670349981404558169e-03 -4.116602386112127102e-03 3.218785284715850337e-03 5.194926234541925696e-03 4.000678697497366855e-03 6.323971936670203485e-03 -1.847749430143281546e-03 2.995502173745068827e-03 4.179633940670380438e-03 -3.375481386933219894e-03 8.281657241674377987e-03 7.943994455731013052e-03 -4.331371225060843752e-03 -5.661132502523488243e-04 4.046120832915354147e-03 -2.890043756852201697e-03 -3.662804751064522614e-03 8.565625675321303974e-04 -1.439025257249253176e-03 2.444605336874962689e-03
-3.791694306022754847e-03 -6.253455339695427326e-05 1.805992208084222783e-03 8.101011174248141499e-04 -2.150120280325372880e-03 5.169745468475067445e-04 2.555948149223923310e-03 6.931462600598881823e-04 1.053355161320479504e-03 -1.644341040816662018e-03 -8.582278136528530277e-04 3.834340883484422223e-03 -1.102323683453466669e-03 -1.040800954357568378e-03 -3.594886692555668566e-04 2.596927168526418257e-03 -1.765198930494580416e-03 1.269722555412757924e-03 1.840252437962255558e-03 -1.426303524223850603e-03 -1.898410086828088020e-03 1.001699334647081718e+00 -1.904758510958582838e-03 -1.986530327396752744e-03 2.014102040496959338e-03 2.542893908683156127e-03 -1.120868456045041265e-03 2.108683401221020902e-03 -2.068988626487918737e-03 -2.215748103166470181e-03 -2.639236830119938600e-03 -2.406820501542211894e-03 1.515473948992371051e-03 -2.440704714925447973e-03 3.130468584524868578e-03 2.205436741502487738e-03 7.408006636506539715e-04 -1.797310203163791009e-03 2.891137803684591320e-03 -1.475921654410066765e-03 -4.628375467485510049e-03 2.415794159924823572e-03 2.176614069613377021e-03 -2.077785091665302047e-03 1.581888088940116384e-03 1.039529182888971953e-03 -1.910524701794502752e-03 -1.859373601145178226e-03 -2.341235754529705313e-03 -2.377464223375118455e-03 1.847687364857354599e-03 -2.156033766185279192e-03 1.574553328594002289e-03 2.710586465106351074e-03 -4.087289116457813905e-03 -5.544619813166881683e-03 2.144353390919045716e-03 8.129631491233947193e-04 -2.969637067719812194e-03 1.993716853682248134e-03 1.640214764419121616e-03 -1.362162306397991709e-03 -3.176658732374101858e-04 8.645926434200424705e-04
4.751107082399044258e-03 3.108632095618846995e-04 3.504837534196713570e-03 -6.392868001399804815e-05 3.702052184921440087e-03 -1.719453941115425084e-04 -1.586921624273319054e-03 8.655915084996258432e-03 2.985586567291869655e-04 6.107550891115160613e-04 -2.543308454916087314e-04 -1.129312615126486230e-02 1.715807055258420201e-03 -1.454985243963785807e-03 3.740061892038563929e-03 -4.073903898275390081e-03 2.934464290405987361e-03 2.447832637715350950e-04 -3.160067396028733806e-04 -3.811668726190155145e-04 4.670803948388912172e-04 -1.904758510958522773e-03 1.009389698577721983e+00 1.497028957362040195e-03 6.827373746541016801e-04 -5.940255490735905225e-03 -9.639155688950675318e-04 -1.634535548745067943e-03 7.631939616209841310e-04 3.877613111238328251e-03 7.891303242157117611e-04 2.721301539125676582e-03 -8.821265340563799609e-04 4.010407813966029682e-03 4.210594662099312780e-04 -1.513118719743031595e-03 1.020096303101214290e-02 1.720989569300258653e-03 -3.408433551598167091e-03 5.381710974465005024e-05 1.760586755630650507e-02 -2.227118548798130357e-03 -1.711313421630025712e-03 -3.353484256066954858e-03 9.066740347173622315e-04 -2.622080433683287925e-05 6.651789368654891519e-04 1.524760509213078825e-04 3.772908154797244198e-03 2.711802137218224332e-03 -3.484024793871204079e-03 3.265791271169616369e-03 3.252217249599495975e-03 -5.429719498717627477e-03 2.285353643935059739e-03 -7.534290803615888155e-04 -2.014510191025545380e-03 7.042241084547804604e-04 4.803834071159509590e-03 -5.511121658543761959e-03 -5.277129016585704576e-04 7.356595774161942512e-03 1.211014366773319672e-03 -9.728277976282895256e-03
5.001488446906946460e-03 -1.510827200937939641e-03 -6.261024445367065726e-03 -2.714637680759901788e-03 3.555273175582937800e-03 1.343238050568818843e-04 -4.616335194397576218e-03 -3.262236761656349057e-03 -2.806875281229582932e-03 2.027343638520370285e-03 3.532123880553860617e-05 -3.725206437288405576e-03 1.754934774711233193e-03 4.843723441816445707e-03 -1.182913363586494742e-03 -3.407971643459469825e-03 3.109086591126000634e-03 -6.016835505715768632e-03 -3.455877860687993526e-03 6.739138649338099335e-03 4.088106938897817337e-03 -1.986530327396770958e-03 1.497028957362014391e-03 1.003936204396405740e+00 -4.913760108475033299e-03 -3.205585971175284668e-03 5.380954105968110447e-03 -3.786755384883135501e-03 2.812645966347433399e-03 3.164939632331845165e-03 5.570241629764258184e-03 5.176100839718558028e-03 -3.615226035733961826e-03 3.713752074256926848e-03 -5.693278405949058624e-03 -5.321949953023945648e-03 -1.521401188855432728e-03 3.058879598848081825e-03 -4.985383516746500973e-03 3.342468585742199016e-03 4.720256929402127238e-03 -5.468938356436321875e-03 -4.871548312535739327e-03 4.426499631267511760e-03 -4.617169093497291467e-03 -3.510456229078711635e-03 3.013330018334875546e-03 4.833352190820656112e-03 4.010184184943717429e-03 6.079582279323186150e-03 -1.926024640768388791e-03 3.367777687454845837e-03 1.504337160459607962e-03 -3.596049944614073193e-03 8.066332319668448672e-03 8.223849661863643842e-03 -4.135912576978296139e-03 -4.657819326508831907e-04 4.128475169570625276e-03 -3.090014728454438132e-03 -3.198543096941636448e-03 1.509337021172490328e-03 -9.765193771906169763e-04 7.965399151992851425e-04
-9.228132918714927052e-03 4.578881903598093842e-03 1.794992993014725424e-02 4.528414981168265262e-03 -7.038495500619197653e-03 -2.224975256223767593e-03 8.584378054356666884e-03 1.341712296511943583e-02 5.144757776472637725e-03 -1.927072308473610314e-03 1.831614038166832180e-03 6.103818034240590835e-03 -2.106151980218608222e-03 -1.225435121897350092e-02 -6.604005563770992161e-03 3.453463067897498103e-04 -5.732797639601370544e-03 1.195049824531915945e-02 5.660485614844783415e-03 -1.955950008704130522e-02 -5.365466498736947733e-03 2.014102040496980155e-03 6.827373746539506507e-04 -4.913760108475016819e-03 1.012045489238844853e+00 5.631224757055562115e-03 -1.157850277538005450e-02 3.685427493787694995e-03 -5.457009726865408653e-03 -5.669105960773621923e-03 -6.337959297902284218e-03 -7.623280741610928557e-03 7.126986411075585115e-03 -7.679087163912700492e-03 1.552270027901207945e-02 7.669813490910591842e-03 9.193842211348187896e-03 -3.681882508597873055e-03 4.219755236925974880e-03 -4.554310580010626983e-03 -5.421991801193798075e-03 9.517592974472613779e-03 9.836437457196043135e-03 -1.316036210400196686e-02 9.509739380018745331e-03 5.513204750721483957e-03 -6.004096444330806956e-03 -7.151120589293085208e-03 -7.189878724244951579e-03 -1.036167954596305986e-02 3.037624601875206411e-03 -4.104258334701884649e-03 -8.110443202380628047e-03 6.681309902624546146e-03 -2.133067969905072525e-02 1.168088458135485347e-03 5.711578822564018776e-03 -6.310182785121103014e-04 -9.112019599521781893e-03 4.671254323618630709e-03 2.398913444998797707e-03 -8.010055331185842505e-04 3.878060950942189590e-03 -6.481563629346867236e-03
-1.060220075459372170e-02 3.001926532416118384e-03 6.899859366629550878e-03 2.052648779241269834e-03 -7.411814571733580694e-03 -2.134808556984058893e-03 5.754302469383135860e-03 2.449716374302588276e-03 3.021478243569341096e-03 -1.495294802061158902e-03 1.501954056423807635e-04 1.301470836154537680e-02 -2.559210927883881406e-03 -5.528938292049609925e-03 -1.485318013181525544e-03 -1.065735316810746420e-03 -5.797559395336790086e-03 5.702850506770740582e-03 4.010212699823297380e-03 -8.416203782218016627e-03 -2.917531502534028397e-03 2.542893908683129672e-03 -5.940255490735978083e-03 -3.205585971175349720e-03 5.631224757055737322e-03 1.008615974278043392e+00 -6.085687122799961386e-03 2.391132607226264303e-03 -4.369201722507404240e-03 -7.048804765526497755e-03 -3.041171228226073955e-03 -5.172181583271425603e-03 4.272430098021234163e-03 -8.250936386047595314e-03 1.012575011815833662e-02 4.070321679980538898e-03 3.068707627676484084e-03 -2.704715699765625550e-03 2.908216469118049020e-03 -2.837193959494536781e-03 -1.585851569937316366e-02 6.490195550773853427e-03 6.583369871734147047e-03 -4.785191361341690347e-03 5.914980759672906416e-03 2.790592949486099712e-03 -5.109423554289400926e-03 -3.363052732724739445e-03 -7.194546218823391279e-03 -6.473533477715803612e-03 5.957797278248181359e-03 -3.482464559093088451e-03 -1.243233591550199288e-02 8.438480601481451390e-03 -1.507307434046119450e-02 -9.587812545083479032e-04 4.126006035009257417e-03 -6.424878377521656158e-06 -1.027756406249218275e-02 7.191441105058596177e-03 1.059226646694858822e-03 -4.931046074389192416e-03 3.237732810476364950e-03 2.340970140053403280e-03
9.529953698828662334e-03 -7.690046867872887132e-03 -1.868558788673226403e-02 -6.177756765211754597e-03 7.840709647806141588e-03 5.153040419628683588e-03 -8.304583959189747525e-03 -1.240395558846313188e-02 -7.005872175170260036e-03 9.100055935412770802e-04 -2.147157728591486420e-03 -5.175950279491258604e-03 2.679617407228945467e-03 1.557484943264005918e-02 -8.117266581970884395e-03 4.359116231362776712e-03 6.486077955959141522e-03 -1.626612153745430472e-02 -6.870113665108757740e-03 2.129795773592333893e-02 6.392404537432890693e-03 -1.120868456045001800e-03 -9.639155688950847706e-04 5.380954105968175499e-03 -1.157850277538004583e-02 -6.085687122799849497e-03 1.017071758772042367e+00 -3.682657585028035335e-03 4.719741454736569100e-03 6.304050920650107644e-03 7.561877754589552136e-03 8.327285861177972925e-03 -7.809890773440054945e-03 8.204251678243517851e-03 -1.449607539536359839e-02 -8.653063243320569323e-03 -8.896559043639571188e-03 3.379464241762054812e-03 -3.156331402205778298e-03 6.619436948809834763e-03 5.193963330869627928e-03 -1.083558280742112807e-02 -1.067616421646825492e-02 1.082852762218384189e-02 -1.301075770160746090e-02 -8.142470746911090879e-03 6.561620354957279494e-03 9.247950248442830118e-03 7.919943653473112896e-03 1.185740680102547948e-02 -3.734604914938230522e-03 2.793156480263193561e-03 1.801126538993265067e-02 -6.471961507575614385e-03 2.107125217742112158e-02 4.069252675438707334e-03 -6.130074526248546589e-03 7.879993755134229302e-04 9.216609114125678265e-03 -5.892053718743631846e-03 -3.104806361695023210e-03 6.380736131772630484e-04 -7.746579249186354675e-03 7.201249874291802862e-03
-3.872466417574020690e-03 5.495324408113979459e-04 4.300398104623199408e-03 2.387961596777113914e-03 -2.603170535080674784e-03 6.925818089898046724e-04 3.913502254162024886e-03 1.674281800523192993e-03 2.257754430860537623e-03 -2.298917020500355901e-03 -5.736883755902517576e-04 2.948330972955459997e-03 -1.641705916073439141e-03 -3.257269387972992845e-03 1.021529859268166572e-03 4.796086361992529454e-03 -2.372902144340604657e-03 4.453539324571422972e-03 2.971268258053216815e-03 -4.374136175706305231e-03 -4.136550320639951345e-03 2.108683401220822710e-03 -1.634535548745110443e-03 -3.786755384883053969e-03 3.685427493787723184e-03 2.391132607226146341e-03 -3.682657585028073065e-03 1.004204644894178600e+00 -2.390739340818221533e-03 -2.390759935559339314e-03 -5.920615354349213766e-03 -4.617718268480072198e-03 2.931105969224777948e-03 -2.688433439950216938e-03 3.698436212285078663e-03 5.031686143825099891e-03 -4.703626865247472551e-04 -3.127316698839767949e-03 5.637928185013773782e-03 -3.199324094360590006e-03 -4.195969084948033764e-03 4.476776767615661158e-03 3.736585212299668897e-03 -3.213804542637260439e-03 3.174134292802172595e-03 3.105471476696133361e-03 -2.308489449558451603e-03 -4.476015028687836683e-03 -3.125913265147331737e-03 -5.112773510869569014e-03 1.358765958070207213e-03 -3.458904372414094413e-03 1.639667919777374090e-03 2.804397895851218868e-03 -5.200850367790011905e-03 -9.350301108678038889e-03 3.852908621966127847e-03 8.854336132299490568e-04 -2.822954664433499020e-03 2.335019438689895852e-03 3.596134010942275694e-03 -1.484615995789673052e-03 -2.822688929087396382e-04 1.844650922657952271e-05
7.369868188839787462e-03 -1.819552994220786533e-03 -6.651843245633819873e-03 -2.004865043241699490e-03 4.293418592103671015e-03 9.722135408903745737e-04 -4.970043869064065881e-03 -5.723609282817869112e-03 -2.730257811413461851e-03 2.148429483326601275e-03 9.354800171546995714e-04 -5.613134379676675174e-03 1.597836609449395512e-03 4.154714427237866069e-03 -7.297824079627662709e-05 -2.415171019590344891e-04 3.274624258411558061e-03 -4.982289254298253450e-03 -4.035267363526105419e-03 5.415039930919353720e-03 2.861388621292309132e-03 -2.068988626488052745e-03 7.631939616210433285e-04 2.812645966347392633e-03 -5.457009726865375693e-03 -4.369201722507455414e-03 4.719741454736491905e-03 -2.390739340818166022e-03 1.004182031358865412e+00 3.966472430467545690e-03 3.743541282318357030e-03 3.647833312437319571e-03 -3.339401844259705637e-03 4.916967984331504712e-03 -8.916510618837180172e-03 -3.566232711029303920e-03 -7.408104567703088957e-03 2.473033048763033457e-03 -2.510080901803182947e-03 2.627877800519972610e-03 5.129204020502814779e-03 -4.752539558280953653e-03 -4.795156867962874388e-03 6.221454284734262603e-03 -5.533044322751323914e-03 -2.500511102359541382e-03 4.349500211499197563e-03 3.612024090430557711e-03 4.272589421509246158e-03 4.353359048950460226e-03 -3.264961795771903052e-03 2.480192154857351321e-03 2.043503506682259850e-03 -4.634026663988534585e-03 1.143156996847076272e-02 6.544029889213338197e-03 -3.167617366537374846e-03 -1.213973204974002967e-03 6.215891867104564664e-03 -3.010092344381036945e-03 -1.859201141523863371e-03 5.450653519057878892e-04 -1.900529290741056858e-03 2.030485783068232061e-03
9.083229400424426211e-03 -2.838131976545253763e-03 -7.834904199681911804e-03 -2.038504043837215118e-03 6.469187143507517876e-03 1.804859898381392519e-03 -5.329789315508713481e-03 -4.231360337428932000e-03 -3.096192806334809033e-03 1.418156938919179445e-03 -2.115432036603168728e-04 -1.007139585181309263e-02 2.225072260336971412e-03 6.162786965203543785e-03 5.780976868064971637e-04 1.378669962346222794e-03 5.199858099657992706e-03 -5.486293900096183077e-03 -3.731922024946977574e-03 8.994586694843483693e-03 3.185034830430423861e-03 -2.215748103166567326e-03 3.877613111238380726e-03 3.164939632331787052e-03 -5.669105960773629729e-03 -7.048804765526472602e-03 6.304050920650151012e-03 -2.390759935559347987e-03 3.966472430467537884e-03 1.006133409788533051e+00 3.237538631165684695e-03 4.941504850355497164e-03 -4.131417813468741228e-03 7.158896121599340502e-03 -9.652022411564140092e-03 -4.046494478442696358e-03 -4.346094445857195780e-03 2.418921973994914328e-03 -2.780109413344021563e-03 3.083205203934675457e-03 1.158484872482984200e-02 -6.125682907176048173e-03 -6.244504925248280450e-03 5.344294620927347167e-03 -5.686067896161535115e-03 -2.866197891689330462e-03 4.738411886123086898e-03 3.488525769651618178e-03 6.363179119002060000e-03 6.212833377930261809e-03 -5.006064092717277605e-03 2.951300387643569171e-03 1.168254506043779790e-02 -7.066109800801113894e-03 1.380737428571204677e-02 1.280938181223071834e-03 -3.967982314332487229e-03 -2.833890074260891356e-05 8.835060209502981418e-03 -6.036019260746827014e-03 -1.199149825590379312e-03 3.400692999809418714e-03 -3.274957673633875892e-03 -1.433574526156652874e-04
5.767171007158510519e-03 -2.140298818495190575e-03 -7.674831577891709326e-03 -4.444359828986875829e-03 3.791899250016307621e-03 2.403591896432967468e-04 -6.074683082608289125e-03 -4.406201167774096046e-03 -4.135527815378741041e-03 3.182965429481085951e-03 8.034643229347203505e-04 -2.820035553958630953e-03 2.318548759719311035e-03 5.940265805833405341e-03 -4.438589155722318449e-03 -5.226192728377118332e-03 3.367007524858682977e-03 -8.912294345984573748e-03 -5.135340656196131677e-03 7.262866073483484688e-03 6.240133428414729178e-03 -2.639236830119971126e-03 7.891303242157660797e-04 5.570241629764299818e-03 -6.337959297902269473e-03 -3.041171228225991122e-03 7.561877754589569484e-03 -5.920615354349244991e-03 3.743541282318219119e-03 3.237538631165773600e-03 1.009311842173161278e+00 6.715174363440036716e-03 -4.752571624979890462e-03 3.895793700249057349e-03 -6.624353707422258285e-03 -7.731907155298384932e-03 -2.243055257919434817e-03 4.487853138854044563e-03 -7.225983406337194853e-03 5.270511693112124411e-03 3.781637900754439372e-03 -7.044583992658075625e-03 -5.950834841302634660e-03 5.718581895187216380e-03 -6.574165860576544791e-03 -5.565642862144879778e-03 3.878021342337490112e-03 7.719034201989646848e-03 4.495256051342792422e-03 7.814347213954559931e-03 -1.705616180017687465e-03 4.459904776193994273e-03 -1.680176981413831951e-03 -3.606540339050889020e-03 9.089858046137813327e-03 1.496036221561836653e-02 -5.548198392612795418e-03 -1.513094841155238762e-03 4.057071143726436770e-03 -2.899215153821741060e-03 -5.319294500757234742e-03 8.941143310079333007e-04 -9.537863217758250391e-04 1.849558526091452798e-03
7.123714604006836475e-03 -2.742025935845500417e-03 -1.055732943554740962e-02 -3.746221043093387899e-03 5.711690335345577865e-03 7.943306436892621494e-04 -6.568120966868045037e-03 -5.122362082471939963e-03 -3.872869644787029463e-03 2.071587531687728734e-03 -1.110541004726428279e-03 -6.419329102873116803e-03 2.406573624192013573e-03 8.268218388450874687e-03 1.420762876922445576e-03 -3.744258078231935995e-03 4.947846060535630863e-03 -8.978865563108022821e-03 -4.383845105672684941e-03 1.276984937586747582e-02 5.259622665329908610e-03 -2.406820501542103908e-03 2.721301539125739466e-03 5.176100839718532007e-03 -7.623280741611009222e-03 -5.172181583271471574e-03 8.327285861177964252e-03 -4.617718268480023626e-03 3.647833312437249315e-03 4.941504850355486755e-03 6.715174363440082686e-03 1.007502906249878372e+00 -5.468149458187585368e-03 5.959003929896591195e-03 -8.780796709367884312e-03 -7.325012138814893277e-03 -9.473181430539838596e-04 3.907046676983076325e-03 -6.309846468159503383e-03 4.272510637300582295e-03 8.425800707279860330e-03 -8.087245257671949600e-03 -7.507109510334345620e-03 6.791527350086108868e-03 -6.429718347478527787e-03 -4.784907789401954964e-03 4.090743824547176180e-03 6.352104780809214070e-03 6.232557033479441989e-03 9.259022234870970328e-03 -2.838551153088256403e-03 4.662127546564361763e-03 5.508816194665628815e-03 -5.768160340475336767e-03 1.314024690915878250e-02 5.205212201611348136e-03 -5.707388042888700275e-03 4.068543691237447584e-04 6.666354058517790643e-03 -5.143829633487774326e-03 -3.451111146746363954e-03 3.026497423530079885e-03 -1.901101008351665589e-03 9.897571822714706664e-04
-6.246330196744406815e-03 3.318379950361084307e-03 1.034026410101933184e-02 3.203707371901960265e-03 -4.980008932911880737e-03 -1.828178488287261283e-03 5.456842974774020992e-03 6.721457840855733258e-03 3.508426281839865934e-03 -1.261358516358244107e-03 1.148589954878699321e-03 4.979879928231534594e-03 -1.745443298871214837e-03 -7.769440261777769453e-03 -2.311296625637364408e-03 3.330930791877737874e-05 -4.147885935451102457e-03 8.345287899444485749e-03 3.879241377144472622e-03 -1.178823385504783154e-02 -3.877572384049732257e-03 1.515473948992363679e-03 -8.821265340564046807e-04 -3.615226035733923229e-03 7.126986411075540012e-03 4.272430098021304419e-03 -7.809890773440028924e-03 2.931105969224833026e-03 -3.339401844259688723e-03 -4.131417813468719544e-03 -4.752571624979880054e-03 -5.468149458187518581e-03 1.004752217437290707e+00 -5.298633345625645800e-03 9.168764110464055692e-03 5.488942316781229847e-03 4.283359363374987690e-03 -2.693295471420128692e-03 3.474373275188126411e-03 -3.426636221714868518e-03 -5.390315520334867765e-03 6.602479727730754637e-03 6.513846118234810183e-03 -6.942075850045573669e-03 6.495376496310364955e-03 4.002969202600323122e-03 -3.913548484519190594e-03 -5.081589073327261001e-03 -5.142003719989627838e-03 -7.308341913373648732e-03 2.440307353590073086e-03 -2.982147757572872152e-03 -7.598398776664463776e-03 4.748473750772363132e-03 -1.311471126170787524e-02 -5.802231503507328855e-04 4.142093333310348409e-03 -3.884445435012606491e-04 -6.153896747639683515e-03 3.902910400079577860e-03 1.887206119994583276e-03 -1.534754406776537954e-03 2.904392286859402116e-03 -2.669002972960717382e-03
1.083780321998825853e-02 -3.876368012053185100e-03 -1.063321801000003362e-02 -2.797043527201919632e-03 7.810682203420020626e-03 2.600114978760263099e-03 -6.710040059432370932e-03 -6.293694110684967119e-03 -3.877250192086139583e-03 1.574638279937287926e-03 -5.994497085911286438e-04 -1.164907916374655419e-02 2.553006681673017104e-03 8.078779390997013754e-03 2.211423235394736377e-03 1.916345536701149739e-03 6.189386345042014771e-03 -7.702495543787341720e-03 -4.719143740174763790e-03 1.212969042249776273e-02 3.712813104988796006e-03 -2.440704714925520397e-03 4.010407813965909118e-03 3.713752074257013584e-03 -7.679087163912645848e-03 -8.250936386047616131e-03 8.204251678243573362e-03 -2.688433439950114589e-03 4.916967984331585377e-03 7.158896121599303206e-03 3.895793700249097248e-03 5.959003929896575583e-03 -5.298633345625734271e-03 1.008653146904012310e+00 -1.249411965058532317e-02 -5.074171515943633887e-03 -6.015836127404092584e-03 2.928567475618708022e-03 -3.003930781139813131e-03 3.576390617749104946e-03 1.322015728215194044e-02 -7.615417411958400745e-03 -7.847705322879230255e-03 7.455092654119374954e-03 -7.477964750673758536e-03 -3.662620957761668263e-03 5.787191639540058621e-03 4.497623166015219873e-03 7.620211981637410245e-03 7.780198015863403795e-03 -5.634926561674902072e-03 3.533657555232170948e-03 1.331538502362733349e-02 -8.381205701171423952e-03 1.786549245545488926e-02 -2.525878557263235404e-04 -4.682007723822177725e-03 1.380939341333766563e-04 1.066652041220807201e-02 -6.914918824033896606e-03 -1.212392424386427546e-03 3.732831422516716315e-03 -4.122039341321987252e-03 6.173806227045188638e-04
-1.605748893591764717e-02 6.734991511382785144e-03 2.196556137397375624e-02 5.033847076767680034e-03 -1.114142186265677792e-02 -4.253036674458031928e-03 1.149364823259507555e-02 1.952079274335763101e-02 6.980466919203075042e-03 -2.780538109520876242e-03 1.013143270357202107e-03 1.235284219036784752e-02 -3.021903681820811011e-03 -1.453718675817135784e-02 -8.049651224102550434e-03 -5.521209610740053161e-03 -8.751489595285237219e-03 1.460000902183172106e-02 8.332320150308603068e-03 -2.127889449660566590e-02 -6.145578666410965972e-03 3.130468584524945773e-03 4.210594662099016250e-04 -5.693278405948997041e-03 1.552270027901206557e-02 1.012575011815841294e-02 -1.449607539536354288e-02 3.698436212285128970e-03 -8.916510618837173233e-03 -9.652022411564164378e-03 -6.624353707422350225e-03 -8.780796709367851352e-03 9.168764110464078243e-03 -1.249411965058525725e-02 1.024855128379754232e+00 8.328187012276140958e-03 2.178891469877406242e-02 -4.282267559192460757e-03 3.083186284754012383e-03 -5.830971661096624389e-03 -9.477199558213290215e-03 1.230905974683951104e-02 1.320749363815582229e-02 -1.767569674252201378e-02 1.429500414498782908e-02 6.274863135757947734e-03 -1.016497392510329681e-02 -8.090043756318329032e-03 -1.081019407552513516e-02 -1.210372912186458844e-02 7.077704536187103164e-03 -4.400963491427298084e-03 -1.913394044777738320e-02 1.097949275294837941e-02 -3.256836053001829073e-02 1.400614452545237724e-03 6.971424702102413037e-03 4.309902553457011453e-04 -1.585644160760778590e-02 7.692895985726998231e-03 1.646261100779596465e-03 -6.983213624598622656e-04 7.658067230515860045e-03 -8.893400735117004685e-03
-6.232026085304474307e-03 2.970061893222306418e-03 1.031827171782869618e-02 4.301642633473104320e-03 -4.956868633804588364e-03 -9.134999475602422012e-04 6.457111272359743886e-03 5.513127247563874393e-03 4.113733583113376654e-03 -2.247637180963437623e-03 8.720899570541695758e-04 4.454310594012756905e-03 -2.270430976854043766e-03 -7.979865764758826627e-03 -3.556713223401986989e-04 3.947731274574720929e-03 -4.312892575387828990e-03 1.014974465949062925e-02 4.798244049755259061e-03 -1.177066969209631872e-02 -5.646494499333294496e-03 2.205436741502443503e-03 -1.513118719743023356e-03 -5.321949953024052334e-03 7.669813490910669905e-03 4.070321679980620430e-03 -8.653063243320782694e-03 5.031686143825181423e-03 -3.566232711029316497e-03 -4.046494478442705899e-03 -7.731907155298475137e-03 -7.325012138814926237e-03 5.488942316781265408e-03 -5.074171515943605264e-03 8.328187012276104528e-03 1.007840085204225300e+00 1.729256108723135725e-03 -4.132572847452032315e-03 6.553751556615479423e-03 -4.573981501989488573e-03 -5.879591810327812647e-03 7.990114664274253209e-03 7.232736788005129057e-03 -6.784352210624417651e-03 7.140937906433704116e-03 5.393753679165140189e-03 -3.949316327875962949e-03 -7.122781309644219891e-03 -5.517270544397758110e-03 -9.179780234222289365e-03 1.990669694267658153e-03 -4.530635431041618068e-03 -4.052806011885046709e-03 4.693415081342453866e-03 -1.228121273175772875e-02 -7.458653649918560793e-03 5.635858659783775024e-03 7.670053650076246360e-06 -5.513224118094870417e-03 4.072656950200939652e-03 4.080374081277701910e-03 -2.038049605080134979e-03 1.897274408095268308e-03 -1.834372985515148567e-03
-1.033973319381822908e-02 5.553985837138997878e-03 1.178484171769631980e-02 2.322754430840939105e-03 -4.978773588932203925e-03 -4.780174068750445322e-03 5.653803366426933714e-03 2.293660958145491216e-02 5.285842244446403888e-03 -2.029895232492893303e-03 -2.439765017159960074e-03 1.221446230957960169e-04 -4.399489594584569756e-04 -6.105858082919555369e-03 4.627199702481556674e-03 -1.613318403390574113e-02 -3.500846985535297634e-03 9.496142286568400037e-03 6.951600042940963772e-03 -1.629679169982149647e-03 -2.343507372641421074e-03 7.408006636506266496e-04 1.020096303101232331e-02 -1.521401188855464387e-03 9.193842211348219121e-03 3.068707627676380001e-03 -8.896559043639649250e-03 -4.703626865247844432e-04 -7.408104567703121049e-03 -4.346094445857113381e-03 -2.243055257919456934e-03 -9.473181430540455507e-04 4.283359363375060548e-03 -6.015836127404061359e-03 2.178891469877425671e-02 1.729256108723088887e-03 1.043053974492572200e+00 -5.128108695254265329e-04 -4.737958760684415210e-03 -3.739732427271639029e-03 1.250819039499590814e-02 5.261049695247644459e-03 6.416489038106134614e-03 -1.371116082814429100e-02 1.399324901980682559e-02 3.149755535470177923e-03 -9.121537237723856967e-03 -4.136607694459412329e-03 -4.158654993500309274e-03 -2.337623730712839673e-03 4.904757257013330797e-03 2.242174536023010690e-03 -1.922321244771830334e-02 3.120175922271703223e-03 -2.301554455723642950e-02 -8.776943571488983464e-03 1.685503915630111966e-03 3.819699499530927224e-03 -9.321293145109099676e-03 4.719185697738595398e-04 -5.831302213202806334e-04 9.021560905175642422e-03 1.023415150074948737e-02 -1.607956088333912029e-02
4.339015556063907479e-03 -8.918921826313194962e-04 -3.894248473132674426e-03 -2.161102488039293255e-03 2.752275462181972589e-03 3.621172753952775757e-05 -3.821527495506604408e-03 -1.717071246385503715e-03 -1.938822829528593587e-03 1.906603803109660792e-03 4.574667394638378326e-04 -3.502909952943459616e-03 1.492766252382917921e-03 2.695950343715405005e-03 -4.172722537902981833e-04 -3.944480587935335174e-03 2.250299913447973386e-03 -4.684615674797110163e-03 -3.111857967311789253e-03 4.029625952421159521e-03 2.928330157470003872e-03 -1.797310203163747424e-03 1.720989569300217454e-03 3.058879598848017207e-03 -3.681882508597757696e-03 -2.704715699765561365e-03 3.379464241762115528e-03 -3.127316698839915834e-03 2.473033048763020013e-03 2.418921973994856648e-03 4.487853138854068849e-03 3.907046676983160459e-03 -2.693295471420107876e-03 2.928567475618738380e-03 -4.282267559192546626e-03 -4.132572847452045325e-03 -5.128108695254178593e-04 1.002776340127325527e+00 -4.204465743701577864e-03 2.267652350390272561e-03 4.733450477177314313e-03 -4.111282102228131299e-03 -3.543214258787311284e-03 3.289354846902885904e-03 -3.668644691167234975e-03 -2.498123605111104550e-03 2.395010814455183351e-03 3.779785224173007330e-03 3.051106441663625421e-03 4.445453442212214147e-03 -1.547347125189452903e-03 3.104041447473869248e-03 -2.013592362068090599e-03 -3.022333255274257339e-03 6.239162730099070096e-03 7.564084038099325343e-03 -3.162496513403769034e-03 -6.940034355123892839e-04 3.313603159654542225e-03 -2.301062231823219895e-03 -2.556795974833893457e-03 1.468729694484674194e-03 -7.023502870605137830e-05 -2.866266170441882631e-04
-4.093597797660056964e-03 -4.942228762679913264e-04 4.625177629169574360e-03 2.537401367514039059e-03 -2.991996344431794956e-03 2.122693121304673053e-03 4.800592138722943950e-03 1.152954160121494521e-04 2.109865983917527579e-03 -2.972616669159943142e-03 -2.802187504528790311e-04 4.172032463602915603e-03 -2.066293216796109573e-03 -3.408611363921187649e-03 -1.852263217758355878e-03 9.086431689662092040e-03 -2.866103022058310960e-03 4.425406146869152908e-03 3.002122174954487393e-03 -5.769961443754442580e-03 -5.093707703464321786e-03 2.891137803684606933e-03 -3.408433551598240817e-03 -4.985383516746400359e-03 4.219755236925880337e-03 2.908216469118101929e-03 -3.156331402205864167e-03 5.637928185013497961e-03 -2.510080901802999500e-03 -2.780109413343980797e-03 -7.225983406337004034e-03 -6.309846468159468688e-03 3.474373275188053986e-03 -3.003930781139791881e-03 3.083186284753893988e-03 6.553751556615320696e-03 -4.737958760684573938e-03 -4.204465743701660263e-03 1.008460205699123868e+00 -3.390186563296593292e-03 -6.999897769033183205e-03 5.526976811536611633e-03 4.447535920135206600e-03 -3.316638928019860835e-03 2.313235928545135604e-03 3.310289839868669950e-03 -2.052546082996570265e-03 -5.082399114937840093e-03 -3.840146619154240042e-03 -6.743146848173829123e-03 1.254169361207702277e-03 -5.209253317158199503e-03 4.966143326718659191e-03 3.579243477158702922e-03 -4.966738880286655257e-03 -1.083704312993845863e-02 5.102919528058344478e-03 5.505767615712590674e-04 -2.948928021979898336e-03 3.124146164328632687e-03 4.756372101581075179e-03 -3.092519899202599270e-03 -2.003210437248391634e-03 1.835827604384131879e-03
4.751698773108546311e-03 -2.459209138761647533e-03 -6.976985472788150427e-03 -2.739480518710239558e-03 3.391856435801153796e-03 1.172706154515765122e-03 -3.988972921497153240e-03 -4.608368391346872282e-03 -3.300885380707013154e-03 1.528536224036872865e-03 2.483758722138020036e-04 -2.596781895531514225e-03 1.604052780457460503e-03 5.862214260005675984e-03 -5.056555829571044575e-03 2.449305879272521583e-04 2.997315951593501008e-03 -5.984986825600626358e-03 -3.361073735687493576e-03 7.000671168715200642e-03 4.168297747879803720e-03 -1.475921654410235250e-03 5.381710974470632034e-05 3.342468585742184271e-03 -4.554310580010544583e-03 -2.837193959494414483e-03 6.619436948809893743e-03 -3.199324094360569623e-03 2.627877800519995161e-03 3.083205203934666783e-03 5.270511693112074104e-03 4.272510637300717604e-03 -3.426636221714884564e-03 3.576390617749151783e-03 -5.830971661096562807e-03 -4.573981501989518930e-03 -3.739732427271663748e-03 2.267652350390264322e-03 -3.390186563296624517e-03 1.004026620245374257e+00 2.463524190855363987e-03 -4.947397212021881902e-03 -4.596105601562763647e-03 4.330905560844700020e-03 -5.155732287687142881e-03 -3.906821742336949281e-03 3.270347754470902257e-03 4.763163186573615010e-03 3.678797096775605468e-03 5.298404225037030291e-03 -2.111036854042628013e-03 1.977280844075021780e-03 5.999860387140707602e-03 -3.046306608461528485e-03 7.841942830021013042e-03 7.415182024307952549e-03 -3.578136346700849877e-03 -7.133057120098724091e-04 3.966717670447852430e-03 -2.732223942484365061e-03 -2.815793848960949312e-03 3.565986714457899899e-04 -2.537882273842050149e-03 2.651410442794502331e-03
1.601787838521744403e-02 -2.421307768408513614e-03 -4.349692096574835423e-03 -2.239689406582050148e-03 1.189974624717025226e-02 1.527860730629145751e-03 -7.811630073000350519e-03 7.713666232692022867e-03 -2.466384011433044032e-03 2.106886980679400622e-03 -9.346908025911672023e-04 -2.746668470594479383e-02 4.439094025049244129e-03 4.907379635816499185e-03 7.394547196075533860e-03 -5.103520227174877279e-03 9.206716011223685381e-03 -4.858722792310334743e-03 -3.951544700722593208e-03 1.052513184096681015e-02 3.356842537510530515e-03 -4.628375467485654031e-03 1.760586755630671324e-02 4.720256929402152392e-03 -5.421991801193705267e-03 -1.585851569937311509e-02 5.193963330869789258e-03 -4.195969084948029428e-03 5.129204020502913658e-03 1.158484872482987496e-02 3.781637900754474067e-03 8.425800707279912372e-03 -5.390315520334932817e-03 1.322015728215207402e-02 -9.477199558213258990e-03 -5.879591810327839535e-03 1.250819039499613712e-02 4.733450477177302169e-03 -6.999897769033232645e-03 2.463524190855355313e-03 1.039506984890938623e+00 -8.918391082733380382e-03 -8.548055507990794111e-03 1.651643556011269743e-03 -3.677994049140043565e-03 -2.696626986155909681e-03 5.439459949879829094e-03 3.425061851650906125e-03 1.165325842248199698e-02 9.857233770961001604e-03 -9.704249508684878803e-03 7.713269670059389946e-03 1.277809539843270670e-02 -1.525376079749469344e-02 1.804392603822243743e-02 -3.333770698721032211e-03 -6.324305861740504159e-03 1.288500689382745699e-03 1.607404906713571710e-02 -1.378396387262197445e-02 -1.607334829879166014e-03 1.432101630728178920e-02 -7.115871559441309425e-04 -1.413524715245221414e-02
-9.324373230819875749e-03 4.446655505648900233e-03 1.319309567039421600e-02 4.538043299173370390e-03 -7.196784474967462403e-03 -2.376570597062306438e-03 7.812550569701313605e-03 7.859108643196823993e-03 4.951864399210100139e-03 -2.012994619513397768e-03 1.288891641417678861e-03 7.735203021871208361e-03 -2.725078749099720758e-03 -1.017211738939105721e-02 -1.028696828508977087e-03 1.034846278369694990e-03 -6.004992398839290382e-03 1.183021765620147908e-02 5.728162192666499258e-03 -1.512137836268953768e-02 -5.603707186732732014e-03 2.415794159924918114e-03 -2.227118548798141199e-03 -5.468938356436292385e-03 9.517592974472572145e-03 6.490195550773874243e-03 -1.083558280742121308e-02 4.476776767615594371e-03 -4.752539558280837427e-03 -6.125682907175986590e-03 -7.044583992658093839e-03 -8.087245257671914905e-03 6.602479727730741627e-03 -7.615417411958378194e-03 1.230905974683950063e-02 7.990114664274291373e-03 5.261049695247595019e-03 -4.111282102228037624e-03 5.526976811536655002e-03 -4.947397212021873228e-03 -8.918391082733330075e-03 1.009554876665045287e+00 9.167121520107599647e-03 -8.782588756384138509e-03 9.321399245637265046e-03 5.768542427308950143e-03 -5.602629027592090534e-03 -7.338692982643109201e-03 -7.515644780208279203e-03 -1.047800150315777827e-02 3.864808487064876671e-03 -4.558762435752527868e-03 -1.057399538684720107e-02 7.010408514390558017e-03 -1.788869610963682300e-02 -4.515636757257376552e-03 6.161493078988514172e-03 -3.492710475524379095e-04 -8.851342842412934439e-03 6.012671569508788033e-03 3.173020741412715430e-03 -2.731087550132249749e-03 3.980240809721402248e-03 -2.498041688945138242e-03
-9.393588318211253813e-03 4.512952447019845381e-03 1.435000472159579828e-02 4.077658231843938642e-03 -7.311057181764625199e-03 -2.459027684851299717e-03 7.638067925018972998e-03 9.225427660021448539e-03 4.813349428690309566e-03 -1.662681210027329133e-03 1.576428655680052731e-03 7.961614652684171137e-03 -2.463671599274118353e-03 -1.067578091500856648e-02 -3.378353114792463033e-03 -3.747286887769537742e-04 -6.059569649438250466e-03 1.097585084038620040e-02 5.256862133069015175e-03 -1.639745757849497484e-02 -5.157195525881185655e-03 2.176614069613434701e-03 -1.711313421630059322e-03 -4.871548312535618763e-03 9.836437457196086503e-03 6.583369871734176537e-03 -1.067616421646818900e-02 3.736585212299763006e-03 -4.795156867962968063e-03 -6.244504925248179836e-03 -5.950834841302652875e-03 -7.507109510334255414e-03 6.513846118234817122e-03 -7.847705322879173009e-03 1.320749363815575290e-02 7.232736788005059668e-03 6.416489038106046143e-03 -3.543214258787248834e-03 4.447535920135224814e-03 -4.596105601562748035e-03 -8.548055507990797580e-03 9.167121520107511176e-03 1.009196756016442320e+00 -9.664573234603535470e-03 8.924914123190075266e-03 5.287133735002069908e-03 -5.676998046382693633e-03 -6.529873386930070724e-03 -7.481436016803353142e-03 -9.987985706986926907e-03 3.981373315094568349e-03 -4.006188189795141345e-03 -1.254264979004878974e-02 7.152533609354328262e-03 -1.885489243854246780e-02 -7.042118270650577676e-04 5.699371729233735848e-03 -6.440108903493930439e-04 -9.286415946710842653e-03 5.916779125106994691e-03 2.395745207322960788e-03 -2.451223958921087270e-03 4.287343386053225729e-03 -3.390248585388069402e-03
9.368498190713083623e-03 -3.747515313638756333e-03 -2.055455981550409830e-02 -3.900340883664605868e-03 6.563780866263782890e-03 1.276627632273473175e-03 -8.919766030618326430e-03 -1.793863991950695597e-02 -5.041419264297375760e-03 2.346232493211676540e-03 -1.279855308170540834e-03 -4.572857305389165829e-03 1.626882499390385883e-03 1.270218874641168040e-02 9.085761718770776763e-03 -1.518943971218505876e-04 5.284188346450170194e-03 -9.970339467353817042e-03 -5.517008155278218563e-03 2.076935868629095280e-02 5.246561884924087413e-03 -2.077785091665245235e-03 -3.353484256066732814e-03 4.426499631267547322e-03 -1.316036210400182808e-02 -4.785191361341622693e-03 1.082852762218380893e-02 -3.213804542637186713e-03 6.221454284734308574e-03 5.344294620927379259e-03 5.718581895187095816e-03 6.791527350086077643e-03 -6.942075850045643058e-03 7.455092654119288217e-03 -1.767569674252196868e-02 -6.784352210624331782e-03 -1.371116082814428060e-02 3.289354846902881567e-03 -3.316638928019835248e-03 4.330905560844595069e-03 1.651643556011336746e-03 -8.782588756384015344e-03 -9.664573234603502511e-03 1.016369167830234899e+00 -8.851636129158679811e-03 -4.707176748308408709e-03 6.462554482224330474e-03 6.446590626667305160e-03 6.611283776376457831e-03 9.202775402571349364e-03 -2.790000006842983157e-03 3.599076341809235528e-03 4.918111713223803985e-03 -6.255874088210142993e-03 2.272179136218843015e-02 -2.320298454423214921e-03 -5.249869169620741821e-03 1.306159275254733328e-04 9.147261410575997093e-03 -3.349377035638756439e-03 -2.016303423691164724e-03 -1.370006782345245663e-03 -3.338414406571101056e-03 1.004420717791246892e-02
-1.043759340209747012e-02 6.898247896839981332e-03 1.243427702255530017e-02 5.363844587309255472e-03 -7.056396422800895359e-03 -5.477573360712865297e-03 7.673880467152381125e-03 1.038235903806838077e-02 5.946493764546968881e-03 -1.691742386152254906e-03 1.283770886189220092e-04 5.267765102503853269e-03 -2.650810210219732652e-03 -9.845999914258210181e-03 8.014601314665239715e-03 -4.711016869254119367e-03 -5.421206382219170838e-03 1.554389892753135598e-02 8.014955900678641734e-03 -1.162645485048867215e-02 -4.670349981404508730e-03 1.581888088940019239e-03 9.066740347173908544e-04 -4.617169093497280191e-03 9.509739380018826863e-03 5.914980759672949784e-03 -1.301075770160743661e-02 3.174134292802185606e-03 -5.533044322751332587e-03 -5.686067896161483941e-03 -6.574165860576520505e-03 -6.429718347478550339e-03 6.495376496310387507e-03 -7.477964750673830527e-03 1.429500414498781520e-02 7.140937906433628656e-03 1.399324901980677528e-02 -3.668644691167244950e-03 2.313235928545113920e-03 -5.155732287687182780e-03 -3.677994049140137240e-03 9.321399245637320558e-03 8.924914123190038837e-03 -8.851636129158820324e-03 1.014177969310595673e+00 6.594856011622929684e-03 -7.059696914966035082e-03 -8.068736811616902121e-03 -6.885630201670663898e-03 -9.122347522270897804e-03 4.256968235568347678e-03 -2.642049403000285100e-03 -1.402053552845833502e-02 5.938110850155661931e-03 -1.981101470284431232e-02 -1.027460702267153983e-02 5.037999777718492507e-03 9.427795641122447981e-04 -9.034696902429771581e-03 4.739219688419133575e-03 2.546126582621065226e-03 2.991040049036958453e-04 7.462494001144840371e-03 -5.493765239314439205e-03
-4.636347921894708006e-03 3.405848993604857627e-03 8.018180524819430721e-03 3.564363577213974180e-03 -3.586274878199839644e-03 -1.954983448544110256e-03 4.443484666568949491e-03 4.702499157478013010e-03 3.659868376624405856e-03 -1.147587165941861206e-03 5.249195730012605823e-04 2.271284470271940463e-03 -1.604820557116740619e-03 -6.725932463445021513e-03 4.749444168907817655e-03 5.394206388150074252e-05 -3.046921671247416769e-03 8.677969640471612164e-03 3.864328185693819469e-03 -8.744856126563225682e-03 -4.116602386112115826e-03 1.039529182888956124e-03 -2.622080433686318270e-05 -3.510456229078712503e-03 5.513204750721507376e-03 2.790592949486117059e-03 -8.142470746910962509e-03 3.105471476696210122e-03 -2.500511102359442503e-03 -2.866197891689328727e-03 -5.565642862144903197e-03 -4.784907789402057313e-03 4.002969202600431542e-03 -3.662620957761465734e-03 6.274863135757881814e-03 5.393753679165154066e-03 3.149755535470161009e-03 -2.498123605111104550e-03 3.310289839868682093e-03 -3.906821742336970965e-03 -2.696626986155879323e-03 5.768542427308996981e-03 5.287133735002035213e-03 -4.707176748308560497e-03 6.594856011622986930e-03 1.004728762465950442e+00 -3.224640823109366661e-03 -5.579448187209728495e-03 -3.848903035866360969e-03 -6.371840599227831560e-03 1.591962709863352062e-03 -2.167309577001830939e-03 -6.651729242282125240e-03 2.981856209390112630e-03 -9.233737603081054388e-03 -6.875900092812915233e-03 3.703316740134614087e-03 1.786802122042486563e-04 -3.958470940404096132e-03 2.743647672279580629e-03 2.909544271996344304e-03 -5.709575286357331447e-04 3.048481894869607255e-03 -2.586602515055299537e-03
8.236273243330068453e-03 -2.991728561204424000e-03 -7.937336978093605805e-03 -2.422601555552259065e-03 5.167239230804099477e-03 2.018892987049986012e-03 -5.281009104970918813e-03 -6.732131128030929314e-03 -3.428329199294644948e-03 1.820637167723625303e-03 6.373926158283882556e-04 -6.212057884907140615e-03 1.836145654720850199e-03 5.635751990725374611e-03 -2.239706045866214634e-03 2.038112438808517210e-03 4.021642646824945787e-03 -6.542738649193338175e-03 -4.552078988554361834e-03 6.932206864092635770e-03 3.218785284715662554e-03 -1.910524701794508173e-03 6.651789368655157148e-04 3.013330018334959681e-03 -6.004096444330733230e-03 -5.109423554289368834e-03 6.561620354957308117e-03 -2.308489449558419077e-03 4.349500211499028428e-03 4.738411886123151083e-03 3.878021342337530878e-03 4.090743824547145822e-03 -3.913548484519154165e-03 5.787191639540079438e-03 -1.016497392510314242e-02 -3.949316327875923918e-03 -9.121537237723882988e-03 2.395010814455106156e-03 -2.052546082996591949e-03 3.270347754470907895e-03 5.439459949879852513e-03 -5.602629027592070585e-03 -5.676998046382661540e-03 6.462554482224437159e-03 -7.059696914965963091e-03 -3.224640823109401790e-03 1.005011791806566412e+00 4.138315238327723057e-03 5.059751035328722939e-03 5.211723592720812238e-03 -3.950252481543145219e-03 2.174168846950463082e-03 7.751749014267453157e-03 -5.221508394058282237e-03 1.330253689720120071e-02 6.148833516034959805e-03 -3.482760282426908358e-03 -1.033272084363856405e-03 7.268949839687668599e-03 -3.857855029794841385e-03 -1.698814105669338393e-03 5.779003657474070851e-04 -3.559448864218731079e-03 2.787629895302154263e-03
6.063866628910973000e-03 -3.641945167964362635e-03 -9.365803836296451163e-03 -4.634019306283613561e-03 4.371514841619670612e-03 1.970110178590868833e-03 -6.063341536967158975e-03 -5.999119081581454939e-03 -4.372292871843254554e-03 2.176186907989151841e-03 -1.433162033825868353e-04 -2.840581753290401853e-03 2.132043639879625113e-03 7.503303215623468095e-03 -4.583649020819154096e-03 -2.150019668889912618e-03 3.684651475243696551e-03 -1.070321396523398090e-02 -5.302247319249847428e-03 9.755921382820512133e-03 5.194926234541881460e-03 -1.859373601145106235e-03 1.524760509212534827e-04 4.833352190820718562e-03 -7.151120589293108627e-03 -3.363052732724743348e-03 9.247950248442948079e-03 -4.476015028687841020e-03 3.612024090430663095e-03 3.488525769651601265e-03 7.719034201989618225e-03 6.352104780808998097e-03 -5.081589073327319114e-03 4.497623166015244159e-03 -8.090043756318396687e-03 -7.122781309644194737e-03 -4.136607694459439218e-03 3.779785224172890670e-03 -5.082399114937926829e-03 4.763163186573596795e-03 3.425061851650751735e-03 -7.338692982643077976e-03 -6.529873386930152256e-03 6.446590626667439601e-03 -8.068736811616851815e-03 -5.579448187209762322e-03 4.138315238327662342e-03 1.007477773363775420e+00 4.817137915124971442e-03 8.037945054168065331e-03 -1.851482146875954539e-03 3.602156677816811814e-03 2.174464312792472563e-03 -3.829433147885790128e-03 1.156168700567723577e-02 1.018021726527820921e-02 -4.962314528279477242e-03 -7.171358923986961018e-04 4.854698124526933209e-03 -3.193387447969748324e-03 -3.837071083363204852e-03 6.247001159766686499e-04 -2.709873568740841978e-03 2.917069006287646184e-03
9.362545321895177075e-03 -3.486233891311658634e-03 -9.890188839451882416e-03 -2.926540369334098071e-03 7.005716123134805677e-03 2.096860283907456442e-03 -6.311995783216120363e-03 -5.331210075393878929e-03 -3.719437451188680951e-03 1.571946893125015197e-03 -8.025351120999994758e-04 -9.933608847723065377e-03 2.454591700020354508e-03 7.760666032644150669e-03 1.915991767464543223e-03 5.478358820833769240e-04 5.711929445190414185e-03 -7.804182968591728310e-03 -4.357625595288092644e-03 1.164273338284898228e-02 4.000678697497427570e-03 -2.341235754529554826e-03 3.772908154797306648e-03 4.010184184943637632e-03 -7.189878724244994947e-03 -7.194546218823360054e-03 7.919943653473196163e-03 -3.125913265147356023e-03 4.272589421509309475e-03 6.363179119002076480e-03 4.495256051342789820e-03 6.232557033479414234e-03 -5.142003719989567991e-03 7.620211981637432797e-03 -1.081019407552511434e-02 -5.517270544397804947e-03 -4.158654993500318815e-03 3.051106441663739479e-03 -3.840146619154172387e-03 3.678797096775645366e-03 1.165325842248200391e-02 -7.515644780208347725e-03 -7.481436016803353142e-03 6.611283776376458698e-03 -6.885630201670622265e-03 -3.848903035866283340e-03 5.059751035328720337e-03 4.817137915125010474e-03 1.007043491544025837e+00 7.986126380213546053e-03 -4.741465810931520981e-03 3.693476343048705552e-03 1.164529827542295365e-02 -7.398014985058934227e-03 1.572174487588700459e-02 1.038709223119869008e-03 -4.836656158180220599e-03 2.869421937352225715e-04 9.195147612081377639e-03 -6.365009045194725164e-03 -1.733514426662936554e-03 3.617199677877271872e-03 -3.506674513600799032e-03 3.735902320250980612e-04
8.666982807583704929e-03 -4.691908613352903899e-03 -1.502986064838216472e-02 -5.033187984239019010e-03 7.507574248833356195e-03 2.203168514553840215e-03 -8.153829134649617436e-03 -7.945250164308375121e-03 -5.171928455230743842e-03 1.821188765390149540e-03 -2.316488980930430860e-03 -7.771818599974297456e-03 2.836241156093044068e-03 1.189194987675222005e-02 3.375715198583416257e-03 -2.169333157626451240e-03 6.450334197361400936e-03 -1.289807966174792188e-02 -5.475035181976488190e-03 1.844813581447373937e-02 6.323971936670270272e-03 -2.377464223375120190e-03 2.711802137218233440e-03 6.079582279323128037e-03 -1.036167954596307200e-02 -6.473533477715882542e-03 1.185740680102563213e-02 -5.112773510869640138e-03 4.353359048950516605e-03 6.212833377930228849e-03 7.814347213954415949e-03 9.259022234870942572e-03 -7.308341913373748479e-03 7.780198015863319660e-03 -1.210372912186456935e-02 -9.179780234222272017e-03 -2.337623730712860490e-03 4.445453442212188994e-03 -6.743146848173979177e-03 5.298404225036996464e-03 9.857233770960892316e-03 -1.047800150315772102e-02 -9.987985706986895681e-03 9.202775402571510693e-03 -9.122347522270844028e-03 -6.371840599227657220e-03 5.211723592720883362e-03 8.037945054167982065e-03 7.986126380213526971e-03 1.012119511288582796e+00 -3.354682745967578830e-03 5.245029515210274627e-03 1.147015224522833152e-02 -7.197090813012911072e-03 1.827731065107752670e-02 1.487434838211900215e-03 -6.860368291315844212e-03 1.166026920243898573e-03 8.723055910179149455e-03 -6.511848477346263847e-03 -3.478994936007836353e-03 3.600393564796825537e-03 -3.729278359815378814e-03 2.342282349235597257e-03
-7.795534388014505739e-03 1.933231524713868157e-03 3.585917825294355522e-03 9.657433961696818307e-04 -4.978152298156644784e-03 -1.551082540055345347e-03 3.574917312834313948e-03 1.973237914758029822e-03 2.107367918476547169e-03 -1.212333475787033803e-03 -7.740293512700835215e-04 8.760003512520403435e-03 -1.758699794317894948e-03 -3.016735759979762704e-03 2.473799229853346042e-03 -2.362163042492305270e-03 -3.862166449800218115e-03 2.833990680528984066e-03 2.934505196979444487e-03 -3.342559285075801228e-03 -1.847749430143276125e-03 1.847687364857304509e-03 -3.484024793871269999e-03 -1.926024640768370577e-03 3.037624601875332179e-03 5.957797278248341821e-03 -3.734604914938233558e-03 1.358765958070158424e-03 -3.264961795771872261e-03 -5.006064092717305361e-03 -1.705616180017679659e-03 -2.838551153088344006e-03 2.440307353590167629e-03 -5.634926561674850030e-03 7.077704536187101429e-03 1.990669694267578789e-03 4.904757257013347277e-03 -1.547347125189427533e-03 1.254169361207673221e-03 -2.111036854042583344e-03 -9.704249508684823292e-03 3.864808487064939554e-03 3.981373315094596105e-03 -2.790000006842948028e-03 4.256968235568318187e-03 1.591962709863245593e-03 -3.950252481543047207e-03 -1.851482146875961911e-03 -4.741465810931425572e-03 -3.354682745967551075e-03 1.004737279456263233e+00 -1.717847013305586010e-03 -9.778564205092352829e-03 5.650986062495255702e-03 -9.755702359828912970e-03 -3.715277094302606858e-03 2.513231942347570087e-03 7.043650501993452056e-04 -7.220436316244084954e-03 4.793487114861379877e-03 6.652991012186452828e-04 -2.541279795747258471e-03 2.839287514913766807e-03 9.685576870302188383e-04
4.661587608884112423e-03 -3.647316236570374457e-04 -4.358016769676223076e-03 -2.017146120370424175e-03 3.306136151523240887e-03 -6.058278474643755563e-04 -4.244931265232925431e-03 -9.575806950353215902e-04 -1.617600568527529812e-03 1.993378255461378690e-03 -6.278197685792170891e-05 -5.292272677873999763e-03 1.646338552720785602e-03 2.859820741750861151e-03 3.782322743839596109e-03 -5.881561216613343142e-03 2.764089498250199735e-03 -4.115093340773505991e-03 -2.705227032481290379e-03 5.659466395243641784e-03 2.995502173744976886e-03 -2.156033766185270952e-03 3.265791271169674916e-03 3.367777687454775581e-03 -4.104258334701893322e-03 -3.482464559093078910e-03 2.793156480263274226e-03 -3.458904372413975151e-03 2.480192154857246804e-03 2.951300387643583482e-03 4.459904776194020294e-03 4.662127546564302782e-03 -2.982147757572832687e-03 3.533657555232156636e-03 -4.400963491427323238e-03 -4.530635431041606792e-03 2.242174536023044517e-03 3.104041447473749552e-03 -5.209253317158188228e-03 1.977280844075070786e-03 7.713269670059434181e-03 -4.558762435752424652e-03 -4.006188189795158693e-03 3.599076341809274125e-03 -2.642049403000292472e-03 -2.167309577001994003e-03 2.174168846950506450e-03 3.602156677816824824e-03 3.693476343048683434e-03 5.245029515210363098e-03 -1.717847013305674698e-03 1.004051823620540906e+00 -3.063648370580013703e-03 -3.970604831590867322e-03 6.925054369460786549e-03 4.595885754414972407e-03 -3.623568335806775370e-03 -1.431005114212607096e-04 3.991241011509295659e-03 -3.147478214206200081e-03 -2.441650017980512982e-03 2.907312905372931144e-03 9.037222913076838450e-04 -1.696712593239300742e-03
1.144734562854437046e-02 -1.256348415972656507e-02 -1.853303958332406728e-02 -2.316270277729016048e-03 1.290582369789594272e-02 1.001808245301190683e-02 -3.597316693442298517e-03 -1.285838515657869961e-02 -6.864627108521832895e-03 -5.100421315033718678e-03 -6.773209231891739839e-03 -1.581420303109220063e-02 2.271376527776472996e-03 1.765437303793599907e-02 3.925272967179607719e-03 2.956256628153344779e-02 1.129418053604693342e-02 -1.436754271066304454e-02 -2.393163994885523591e-03 2.334073598580357206e-02 4.179633940670378703e-03 1.574553328594047825e-03 3.252217249599419213e-03 1.504337160459595819e-03 -8.110443202380615904e-03 -1.243233591550195818e-02 1.801126538993248066e-02 1.639667919777325735e-03 2.043503506682223855e-03 1.168254506043774413e-02 -1.680176981413910231e-03 5.508816194665617540e-03 -7.598398776664558318e-03 1.331538502362733002e-02 -1.913394044777752545e-02 -4.052806011885034566e-03 -1.922321244771836926e-02 -2.013592362068008200e-03 4.966143326718601078e-03 5.999860387140640815e-03 1.277809539843254537e-02 -1.057399538684718893e-02 -1.254264979004880882e-02 4.918111713223738933e-03 -1.402053552845834022e-02 -6.651729242282071464e-03 7.751749014267390707e-03 2.174464312792433098e-03 1.164529827542289120e-02 1.147015224522841999e-02 -9.778564205092248746e-03 -3.063648370580010234e-03 1.091025814202516875e+00 -1.077966945383639942e-02 2.836359284693707253e-02 -2.929966805128705887e-02 -3.933161994614455155e-03 4.985032048095815876e-03 1.711415711018081376e-02 -1.319227218564003948e-02 4.085206368464239235e-03 5.108042783996733123e-03 -1.932706562051098725e-02 6.063914536795901242e-03
-1.061162146523023445e-02 2.873397681550046625e-03 8.698341630374417655e-03 2.295469799698986353e-03 -7.526724630323903577e-03 -1.760077841167999703e-03 6.361055654367922703e-03 3.964387018238615251e-03 3.194894960271472788e-03 -1.733009992623730155e-03 3.865772204722715518e-04 1.262595955951015432e-02 -2.575026903087484793e-03 -6.480159403514510093e-03 -3.599037180435621115e-03 2.836250854836332294e-05 -5.953448349553428810e-03 6.063373648657608903e-03 4.155274988187277266e-03 -1.049237187866335075e-02 -3.375481386933083285e-03 2.710586465106366687e-03 -5.429719498717578037e-03 -3.596049944613944390e-03 6.681309902624553085e-03 8.438480601481473942e-03 -6.471961507575577956e-03 2.804397895851180270e-03 -4.634026663988496421e-03 -7.066109800801104353e-03 -3.606540339050827871e-03 -5.768160340475338502e-03 4.748473750772349254e-03 -8.381205701171432626e-03 1.097949275294840023e-02 4.693415081342391416e-03 3.120175922271796031e-03 -3.022333255274307212e-03 3.579243477158753663e-03 -3.046306608461595705e-03 -1.525376079749477670e-02 7.010408514390584905e-03 7.152533609354295302e-03 -6.255874088210121309e-03 5.938110850155707034e-03 2.981856209390120003e-03 -5.221508394058340351e-03 -3.829433147885875997e-03 -7.398014985058956779e-03 -7.197090813012927552e-03 5.650986062495333764e-03 -3.970604831590924567e-03 -1.077966945383644452e-02 1.008542522887896142e+00 -1.611971375295389447e-02 1.989640769187158573e-05 4.552412379374708336e-03 -1.451086159239513480e-04 -1.035663641374294681e-02 7.067249213150996259e-03 1.271645580740898580e-03 -4.726747753830556897e-03 2.820362473461044545e-03 1.397122311574182894e-03
2.213065295032843466e-02 -1.008528897800055162e-02 -3.020539293571681758e-02 -7.549444981571338739e-03 1.615887699934563659e-02 6.715563039914959273e-03 -1.602735775436741825e-02 -2.341179386012488123e-02 -9.552386547993126087e-03 3.031598407370887389e-03 -2.666843122366333550e-03 -1.906677946178285746e-02 4.611613639916541281e-03 2.084213724738864792e-02 1.164653529345946806e-02 5.975734810770761199e-03 1.271065295292816977e-02 -2.200452838906075126e-02 -1.137592957849947392e-02 3.227017349566193433e-02 8.281657241674530642e-03 -4.087289116457788751e-03 2.285353643935058871e-03 8.066332319668363671e-03 -2.133067969905069403e-02 -1.507307434046113552e-02 2.107125217742113893e-02 -5.200850367790013640e-03 1.143156996847079047e-02 1.380737428571190625e-02 9.089858046137773429e-03 1.314024690915886924e-02 -1.311471126170784054e-02 1.786549245545483375e-02 -3.256836053001825604e-02 -1.228121273175774783e-02 -2.301554455723648154e-02 6.239162730099121271e-03 -4.966738880286718574e-03 7.841942830021052940e-03 1.804392603822242008e-02 -1.788869610963675361e-02 -1.885489243854240882e-02 2.272179136218852383e-02 -1.981101470284425681e-02 -9.233737603081085613e-03 1.330253689720124061e-02 1.156168700567714556e-02 1.572174487588687622e-02 1.827731065107770017e-02 -9.755702359828987563e-03 6.925054369460732773e-03 2.836359284693694416e-02 -1.611971375295391182e-02 1.044924945553978191e+00 -5.375441950480051335e-03 -1.000846656692081643e-02 7.146886698765652409e-04 2.223887794866357195e-02 -1.211361329096293134e-02 -2.041057948616784284e-03 3.683922283573258256e-03 -1.044985925764166032e-02 9.055324496111049823e-03
9.866485354932284443e-03 2.496676013124457874e-03 9.465058468269643699e-03 -4.447724063151798149e-03 -3.736191514304473935e-04 -3.691746162619526875e-03 -6.472368030125022313e-03 6.157557009036737639e-03 -5.011138736350835392e-03 8.959109886543886736e-03 1.136897328634365635e-02 3.153761002417665611e-03 3.820293903206845466e-03 -6.587525520294199542e-03 -5.391718786111329015e-02 -1.637635027632838858e-02 -7.157964139207404451e-04 -5.896806920896087781e-03 -1.112419245603483466e-02 -2.146336578698647760e-02 7.943994455730971418e-03 -5.544619813166894694e-03 -7.534290803615466400e-04 8.223849661863610883e-03 1.168088458135615234e-03 -9.587812545082625764e-04 4.069252675438651823e-03 -9.350301108677983378e-03 6.544029889213360748e-03 1.280938181223101324e-03 1.496036221561839949e-02 5.205212201611331656e-03 -5.802231503506122138e-04 -2.525878557263856110e-04 1.400614452545360456e-03 -7.458653649918483598e-03 -8.776943571488884585e-03 7.564084038099307128e-03 -1.083704312993847250e-02 7.415182024307984641e-03 -3.333770698720876086e-03 -4.515636757257369613e-03 -7.042118270649547684e-04 -2.320298454423217957e-03 -1.027460702267135075e-02 -6.875900092812834569e-03 6.148833516034952866e-03 1.018021726527825431e-02 1.038709223119861202e-03 1.487434838211680556e-03 -3.715277094302592113e-03 4.595885754414958529e-03 -2.929966805128728785e-02 1.989640769189677310e-05 -5.375441950480162358e-03 1.088734639919508584e+00 -6.184158657078606298e-03 -9.963086889562253190e-03 -6.063669476470215109e-04 9.186971261982976918e-04 -1.469928979807680336e-02 -4.871130542818324569e-03 1.780887462573959050e-03 -1.030680429710805314e-03
-5.975190279701832023e-03 1.895805203135174670e-03 7.720118573537608671e-03 2.804688642126886879e-03 -4.427828776970476644e-03 -4.023068291481065716e-04 5.177977020061977527e-03 4.009445648980641298e-03 3.085012786916369997e-03 -1.972214840424105220e-03 2.926204505505181725e-04 5.122321450188163650e-03 -1.961519903722144537e-03 -5.948371607275183305e-03 -1.364424385157458701e-04 2.870743443484034471e-03 -3.829256783847362951e-03 6.472328282894158902e-03 3.632981984762161110e-03 -8.739137287203069607e-03 -4.331371225060776965e-03 2.144353390919079110e-03 -2.014510191025499844e-03 -4.135912576978399355e-03 5.711578822563888672e-03 4.126006035009162874e-03 -6.130074526248618580e-03 3.852908621966151699e-03 -3.167617366537392194e-03 -3.967982314332484627e-03 -5.548198392612771999e-03 -5.707388042888600528e-03 4.142093333310321521e-03 -4.682007723822120479e-03 6.971424702102405231e-03 5.635858659783782830e-03 1.685503915630055588e-03 -3.162496513403798525e-03 5.102919528058406928e-03 -3.578136346700868959e-03 -6.324305861740488546e-03 6.161493078988572285e-03 5.699371729233850339e-03 -5.249869169620839833e-03 5.037999777718481231e-03 3.703316740134664393e-03 -3.482760282426966905e-03 -4.962314528279406119e-03 -4.836656158180251824e-03 -6.860368291315883243e-03 2.513231942347551439e-03 -3.623568335806819606e-03 -3.933161994614418726e-03 4.552412379374711805e-03 -1.000846656692082511e-02 -6.184158657078605431e-03 1.004518597285093184e+00 1.787387819664683114e-04 -5.318751704112819299e-03 3.922511030733833934e-03 3.010154556038106312e-03 -2.092521512531188895e-03 1.422932385764603220e-03 -8.707909793882934223e-04
-1.436295461531479243e-03 -5.582385602808503239e-04 -2.318468750274099103e-03 1.558988470068902886e-04 2.966935872343254028e-04 3.254417193425670021e-04 4.316600967846793892e-04 -7.790989277566302078e-06 3.374392976168167496e-04 -1.373816633067100838e-03 -2.199428188726630911e-03 -2.827736393270786344e-04 -3.115236947160119501e-04 2.070502289455594148e-03 5.592511749844437073e-03 5.491208287976180472e-04 4.144304727733618288e-04 -5.223715806293072108e-04 1.368985470786137585e-03 5.173158125213688993e-03 -5.661132502524239595e-04 8.129631491234441589e-04 7.042241084548320684e-04 -4.657819326508757640e-04 -6.310182785122658844e-04 -6.424878377508887136e-06 7.879993755133367361e-04 8.854336132299744271e-04 -1.213973204974031156e-03 -2.833890074257857961e-05 -1.513094841155264133e-03 4.068543691236162262e-04 -3.884445435013165397e-04 1.380939341333611251e-04 4.309902553456427068e-04 7.670053650047543801e-06 3.819699499530947173e-03 -6.940034355123382180e-04 5.505767615711707049e-04 -7.133057120098480145e-04 1.288500689382695826e-03 -3.492710475524836086e-04 -6.440108903493189929e-04 1.306159275254294497e-04 9.427795641123488815e-04 1.786802122043359888e-04 -1.033272084363796774e-03 -7.171358923986598894e-04 2.869421937352211079e-04 1.166026920243781913e-03 7.043650501993260152e-04 -1.431005114213014485e-04 4.985032048095820213e-03 -1.451086159238924487e-04 7.146886698764647354e-04 -9.963086889562182066e-03 1.787387819665897421e-04 1.002002522248430783e+00 -6.168573202965686524e-05 -6.713630267549062494e-04 1.266941641407563724e-03 1.354056605931914853e-03 -2.828899195738720541e-04 -3.796674785463678248e-04
1.362588605406558906e-02 -4.525477803013679828e-03 -1.224683376150360013e-02 -2.999912780374220950e-03 9.539359214956097052e-03 3.131915821092221865e-03 -8.013159863412680495e-03 -7.980552043219492353e-03 -4.495593732629589792e-03 1.921061649145344632e-03 -4.460469233492040807e-04 -1.470290796501949257e-02 2.981176042953565496e-03 8.917453513000356269e-03 3.650327865985084509e-03 3.154147046883660523e-03 7.468547250211086085e-03 -8.667917652362697525e-03 -5.666653783726312808e-03 1.333877436036056546e-02 4.046120832915390576e-03 -2.969637067719887221e-03 4.803834071159571173e-03 4.128475169570594919e-03 -9.112019599521967508e-03 -1.027756406249228684e-02 9.216609114125605406e-03 -2.822954664433533715e-03 6.215891867104604562e-03 8.835060209503104584e-03 4.057071143726552996e-03 6.666354058517691764e-03 -6.153896747639728618e-03 1.066652041220815875e-02 -1.585644160760769569e-02 -5.513224118094873887e-03 -9.321293145109165595e-03 3.313603159654622023e-03 -2.948928021979828947e-03 3.966717670447704978e-03 1.607404906713571710e-02 -8.851342842412958725e-03 -9.286415946710853062e-03 9.147261410575986684e-03 -9.034696902429781989e-03 -3.958470940404089193e-03 7.268949839687691150e-03 4.854698124526953158e-03 9.195147612081410599e-03 8.723055910179080066e-03 -7.220436316244039851e-03 3.991241011509151677e-03 1.711415711018088662e-02 -1.035663641374297457e-02 2.223887794866354767e-02 -6.063669476470047058e-04 -5.318751704112835779e-03 -6.168573202957167406e-05 1.013422573814399152e+00 -8.360146724804479179e-03 -1.048919453147509687e-03 4.298806173964528181e-03 -5.174654416168257727e-03 8.015453093944037303e-04
-8.137287739506478615e-03 2.794716439673679883e-03 6.296948082160525040e-03 1.964137160653833900e-03 -6.397656885754779248e-03 -1.838626206521418128e-03 4.655798829117535099e-03 1.489430218169666281e-03 2.666379725345475495e-03 -8.865374867655267162e-04 9.029360484980550891e-04 1.078410146030126839e-02 -2.257930936047919737e-03 -5.706772029458368617e-03 -1.199516454998416411e-03 -8.240504762600764062e-04 -5.245958308929696279e-03 5.386426396340482717e-03 2.981707168701337729e-03 -8.745247670256505942e-03 -2.890043756852327898e-03 1.993716853682193056e-03 -5.511121658543828745e-03 -3.090014728454563465e-03 4.671254323618561320e-03 7.191441105058550207e-03 -5.892053718743776695e-03 2.335019438689802176e-03 -3.010092344381030006e-03 -6.036019260746840025e-03 -2.899215153821744530e-03 -5.143829633487784735e-03 3.902910400079606483e-03 -6.914918824033943444e-03 7.692895985727065886e-03 4.072656950200926641e-03 4.719185697737892835e-04 -2.301062231823201246e-03 3.124146164328637891e-03 -2.732223942484279192e-03 -1.378396387262194496e-02 6.012671569508813187e-03 5.916779125106949588e-03 -3.349377035638568655e-03 4.739219688418969643e-03 2.743647672279530322e-03 -3.857855029794872177e-03 -3.193387447969796462e-03 -6.365009045194857003e-03 -6.511848477346349716e-03 4.793487114861454471e-03 -3.147478214206284215e-03 -1.319227218564016091e-02 7.067249213151021413e-03 -1.211361329096296603e-02 9.186971261983906080e-04 3.922511030733840873e-03 -6.713630267548961663e-04 -8.360146724804404586e-03 1.006666328572410896e+00 9.568941543449929667e-04 -4.844908936241860281e-03 2.983968238671126736e-03 2.314570966355962867e-03
-2.677842049263615045e-03 -7.747941526594376445e-05 2.618911753226536073e-03 1.954943876608657843e-03 -1.196030316882702640e-03 1.282461722840631466e-03 2.985623998944036180e-03 5.348378543583217487e-04 1.982991205201975991e-03 -2.208202004844647941e-03 -1.156279865241306411e-03 6.925403267043630596e-04 -1.207473278945327263e-03 -2.040185232137196100e-03 5.966284337587905197e-03 5.167824458725313493e-03 -1.146188149805430455e-03 3.261836775260866950e-03 2.558022080555769160e-03 -1.750089456509633292e-03 -3.662804751064569885e-03 1.640214764419207051e-03 -5.277129016585836848e-04 -3.198543096941684153e-03 2.398913444998920005e-03 1.059226646694890915e-03 -3.104806361695080456e-03 3.596134010942275260e-03 -1.859201141523948156e-03 -1.199149825590412706e-03 -5.319294500757284182e-03 -3.451111146746358316e-03 1.887206119994640089e-03 -1.212392424386419089e-03 1.646261100779666288e-03 4.080374081277697573e-03 -5.831302213202760798e-04 -2.556795974833951136e-03 4.756372101581066505e-03 -2.815793848960853468e-03 -1.607334829879189866e-03 3.173020741412711961e-03 2.395745207322918287e-03 -2.016303423691110080e-03 2.546126582621108161e-03 2.909544271996386371e-03 -1.698814105669321697e-03 -3.837071083363219164e-03 -1.733514426663003774e-03 -3.478994936007894900e-03 6.652991012186317303e-04 -2.441650017980432751e-03 4.085206368464299083e-03 1.271645580740941297e-03 -2.041057948616729206e-03 -1.469928979807673571e-02 3.010154556038215166e-03 1.266941641407623356e-03 -1.048919453147411024e-03 9.568941543450751493e-04 1.004180922346359361e+00 -2.636769469154060181e-04 -6.317624325069196153e-04 -2.757893974673671501e-04
3.698558476279925449e-03 -3.906922966319408452e-04 1.511635685697303927e-05 -4.744354667915532124e-04 3.530094297091155176e-03 1.600337674342310632e-04 -1.799225296406716879e-03 5.431448836373128919e-03 -1.418317153466261231e-04 1.491767455157174608e-04 -1.220011658151204121e-03 -9.118959836254022025e-03 1.423565542180036010e-03 9.789516810472459821e-04 5.855014362007372394e-03 -3.047877287656825928e-03 2.922215770223926447e-03 -1.120575470813675546e-03 -2.070117925835915048e-04 3.749615605851246321e-03 8.565625675322376250e-04 -1.362162306398164097e-03 7.356595774161949451e-03 1.509337021172520686e-03 -8.010055331187996815e-04 -4.931046074389247059e-03 6.380736131772184877e-04 -1.484615995789719456e-03 5.450653519058346183e-04 3.400692999809409606e-03 8.941143310078991484e-04 3.026497423530086824e-03 -1.534754406776492200e-03 3.732831422516748841e-03 -6.983213624598722403e-04 -2.038049605080072529e-03 9.021560905175632014e-03 1.468729694484737077e-03 -3.092519899202617918e-03 3.565986714457864662e-04 1.432101630728175277e-02 -2.731087550132243677e-03 -2.451223958921135843e-03 -1.370006782345360588e-03 2.991040049036531819e-04 -5.709575286357927758e-04 5.779003657473496224e-04 6.247001159767402072e-04 3.617199677877161717e-03 3.600393564796951738e-03 -2.541279795747269313e-03 2.907312905372961068e-03 5.108042783996772154e-03 -4.726747753830533479e-03 3.683922283573229199e-03 -4.871130542818334110e-03 -2.092521512531268259e-03 1.354056605931905962e-03 4.298806173964505629e-03 -4.844908936241795229e-03 -2.636769469154137701e-04 1.006269288799719774e+00 5.725992685679977268e-04 -6.946422777415127772e-03
-4.695570760912807194e-03 5.041240748191127760e-03 6.589629228175868450e-03 2.086183100711775859e-03 -3.920545365670703893e-03 -4.534534101603144088e-03 2.324759565909963448e-03 6.304297108894330558e-03 3.148556473876566730e-03 7.410616154307102981e-04 9.512497952892096358e-04 2.758543541115128419e-03 -9.141939798417979702e-04 -6.278617305225380786e-03 5.621477305602774581e-03 -9.278714522864659961e-03 -3.132814544123692542e-03 7.439761156403051565e-03 2.942344583166911411e-03 -6.523728375951759646e-03 -1.439025257249241033e-03 -3.176658732373445915e-04 1.211014366773433080e-03 -9.765193771906551402e-04 3.878060950942144921e-03 3.237732810476320715e-03 -7.746579249186347736e-03 -2.822688929087462518e-04 -1.900529290741073121e-03 -3.274957673633901046e-03 -9.537863217758843449e-04 -1.901101008351693995e-03 2.904392286859437677e-03 -4.122039341321878832e-03 7.658067230515909485e-03 1.897274408095444382e-03 1.023415150074957931e-02 -7.023502870610384013e-05 -2.003210437248303163e-03 -2.537882273842002011e-03 -7.115871559440795514e-04 3.980240809721384034e-03 4.287343386053230065e-03 -3.338414406571289274e-03 7.462494001144685980e-03 3.048481894869514014e-03 -3.559448864218780085e-03 -2.709873568740823763e-03 -3.506674513600782986e-03 -3.729278359815511954e-03 2.839287514913739052e-03 9.037222913076593421e-04 -1.932706562051103583e-02 2.820362473461125209e-03 -1.044985925764174359e-02 1.780887462573833282e-03 1.422932385764555082e-03 -2.828899195739552667e-04 -5.174654416168265533e-03 2.983968238671010076e-03 -6.317624325069552856e-04 5.725992685679792953e-04 1.006812941150428076e+00 -4.083119057761057727e-03
6.201399617850460481e-04 -2.806114570795018633e-03 -1.346169705130068062e-02 -1.781816673197620131e-03 4.992033111456461785e-04 1.419134324150011367e-03 -2.542389350748611946e-03 -1.644818487101749882e-02 -3.083850244018856730e-03 1.504526204225942426e-04 -5.633702258024711170e-04 7.122822018382182936e-03 -5.331335660146604679e-04 8.583574406577710800e-03 -2.424381734127518517e-03 6.049432730630893880e-03 5.753467078664136142e-04 -5.116717231781245032e-03 -2.323385711881733543e-03 1.109563769144161251e-02 2.444605336875045956e-03 8.645926434199933562e-04 -9.728277976282891787e-03 7.965399151990933471e-04 -6.481563629347005147e-03 2.340970140053274910e-03 7.201249874291695309e-03 1.844650922658716972e-05 2.030485783068243771e-03 -1.433574526157119623e-04 1.849558526091453449e-03 9.897571822714743527e-04 -2.669002972960769424e-03 6.173806227044849283e-04 -8.893400735117115707e-03 -1.834372985515110837e-03 -1.607956088333892253e-02 -2.866266170442131997e-04 1.835827604384079837e-03 2.651410442794508403e-03 -1.413524715245198168e-02 -2.498041688945159058e-03 -3.390248585387970956e-03 1.004420717791238218e-02 -5.493765239314360276e-03 -2.586602515055327726e-03 2.787629895302094415e-03 2.917069006287604550e-03 3.735902320251333520e-04 2.342282349235620675e-03 9.685576870300968656e-04 -1.696712593239310283e-03 6.063914536795796291e-03 1.397122311574246429e-03 9.055324496111016863e-03 -1.030680429710616446e-03 -8.707909793882250091e-04 -3.796674785463603980e-04 8.015453093943847567e-04 2.314570966355959832e-03 -2.757893974673377140e-04 -6.946422777415115629e-03 -4.083119057760996144e-03 1.013883298881670614e+00
