1.001394328502346553e+00 3.362945985375382198e-04 -1.278675727271543936e-03 -5.656969488388857974e-04 9.068864456387013733e-04 -8.874911249109119268e-04 -1.418594428535431334e-03 -3.865560661104368171e-04 -7.723662426833894680e-04 1.166857493292136399e-03 4.003981683351951729e-04 -1.107521033870497752e-03 6.772214403478775055e-04 9.602223370395095246e-04 4.941453784172851168e-04 -2.187103052373565257e-03 1.011187787496639059e-03 -6.134037827204461783e-04 -7.964951791696630841e-04 1.124713220536501445e-03 1.933177096391967657e-03 -1.174077861994027522e-03 7.960428076105323294e-04 1.723841367640596613e-03 -1.121227024656256017e-03 -8.779246036806282513e-04 7.035013568040741731e-04 -1.965990529315879247e-03 9.671838855144568314e-04 1.035421315870373171e-03 2.481748168548503913e-03 1.974003017908309166e-03 -1.040479119266768089e-03 9.351559410161342780e-04 -1.115292528202893466e-03 -1.952999450523808982e-03 2.989394066126068307e-04 1.233657781747884942e-03 -2.769766594974525705e-03 1.489483780185058264e-03 1.261737592615987070e-03 -1.678567374118242628e-03 -1.403789602400299036e-03 1.052257145351945993e-03 -4.624164811410603148e-04 -9.766743488962212338e-04 8.759627136364057064e-04 1.542994574996688940e-03 1.267077805520453859e-03 1.931077852662647313e-03 -6.691406772448063849e-04 1.456041822271926913e-03 -5.390333451074099487e-04 -1.083448704299047778e-03 1.207573024337670097e-03 4.288361205843104797e-03 -1.770887650863149686e-03 -4.510735790429048478e-04 9.582073094072776675e-04 -9.891213933508522481e-04 -1.642212514921085687e-03 6.582188641943459862e-04 4.518312796228283958e-04 -1.753653849150046539e-04
3.362945985375382198e-04 1.000448308777301287e+00 -6.928429346542058559e-04 5.100519776338248495e-06 2.105986845536862435e-04 -7.356973213845638187e-04 -5.059689116942763659e-04 -1.782037647657567321e-04 -1.284576702967705965e-04 3.846067984256127444e-04 -8.981907084516859718e-06 -2.617636092944537383e-04 1.445750256415939954e-04 4.404735862616846343e-04 2.271780308910964833e-04 -1.255558024683127221e-03 2.379308996861844057e-04 -9.841902127647351051e-05 -1.831004130135145886e-04 5.853227318925660746e-04 6.182580299297882505e-04 -3.153748273123578821e-04 1.740979028812859137e-04 5.696380869054388152e-04 -4.858333267287154485e-04 -1.799297544083983862e-04 1.248209191924835632e-04 -6.190127342172452177e-04 2.827046581051634051e-04 2.218050317534273291e-04 5.844154668211818835e-04 7.201955072220197823e-04 -2.995198482207136006e-04 2.037043445304651109e-04 -3.415323198923607244e-04 -7.108086959168175012e-04 2.456711465206126320e-04 4.122174626496150030e-04 -1.157390871233188135e-03 2.339738170951298696e-04 4.122152630011927739e-04 -5.500972073610743175e-04 -4.489081112027178025e-04 4.962315789444659078e-04 -4.207515839367307535e-05 -2.350706466021627470e-04 1.814240260902890713e-04 2.719158987426494359e-04 3.305752773978617325e-04 7.068046538361577461e-04 -7.493663812789040190e-05 5.336348272708365311e-04 -4.298858732092106357e-04 -2.695118836293122462e-04 3.557322862149693023e-04 1.890582867455591325e-03 -5.914678710011680345e-04 -1.251558225049489494e-05 2.031232839019854843e-04 -2.103822082919111231e-04 -7.581249099262903426e-04 1.857953362603728914e-04 4.003297397199844800e-04 2.846970675508310534e-05
-1.278675727271543936e-03 -6.928429346542058559e-04 1.002408453925481613e+00 7.371869322229675746e-04 -7.028609382404558438e-04 1.816396606112744266e-03 1.754802243949356560e-03 9.939790587041202104e-04 9.620110975214602291e-04 -1.418189094274998219e-03 -2.697861182899522641e-04 7.628524477647575163e-04 -5.111532890414980691e-04 -1.373773422105592458e-03 -4.289328389843888854e-04 3.688454385351344449e-03 -8.009419779716767324e-04 8.463417934722162290e-04 8.770530253562578175e-04 -1.886828641452677766e-03 -2.429290261954998240e-03 1.104705343478640592e-03 -3.521259942736658486e-04 -2.017317477319057785e-03 1.749283003380527326e-03 5.911133957614759897e-04 -1.082814295921064648e-03 2.272965319709322439e-03 -1.082233773780762491e-03 -7.585551035078747471e-04 -2.970690502884995154e-03 -2.263170102724008665e-03 1.192844120900265472e-03 -7.300033483725900090e-04 1.353932818275734029e-03 2.567704375216954375e-03 -3.164837058344775614e-04 -1.469104349784388676e-03 3.320335296609798568e-03 -1.445852497870561909e-03 -1.073702251894257569e-03 1.890374306445763734e-03 1.625335439401378234e-03 -1.842506718735275554e-03 5.130278227463772045e-04 1.381500337318296041e-03 -8.445752961486445312e-04 -1.788915933592692166e-03 -1.092268554036132915e-03 -2.299649059701304194e-03 2.585494677327284784e-04 -1.655156466970266783e-03 1.113373599105968578e-03 8.633644551144153750e-04 -1.352541483205020557e-03 -6.714589483263323430e-03 1.960652692949296262e-03 4.009019274906467875e-04 -7.171068877520047355e-04 6.171968785128534784e-04 2.590048951743455057e-03 -3.411015407512019127e-04 -9.224882107572597969e-04 -3.709916263919913219e-04
-5.656969488388857974e-04 5.100519776338261201e-06 7.371869322229675746e-04 1.000610068897834326e+00 -2.934863627829178306e-04 3.806011042313527126e-04 6.980882486753248271e-04 4.400700330381636014e-04 5.680954318702038930e-04 -6.263410829282240605e-04 -3.675752187130313319e-04 2.904610191159110529e-04 -2.989181995523141396e-04 -4.112095709554910018e-04 3.166071659247744080e-04 1.161863193559298539e-03 -3.329648629514002714e-04 5.630943872221316239e-04 5.151688905292488513e-04 -4.401127459215837677e-04 -1.201508707629241448e-03 4.818952911856310339e-04 -1.038554225441105824e-04 -8.508059510860986000e-04 6.015851798891349135e-04 2.509269033861014964e-04 -6.525848807992819245e-04 1.150911729908175255e-03 -4.672448950408528623e-04 -3.286874210133170155e-04 -1.770704612002594117e-03 -8.295384332066176036e-04 5.244888932019864782e-04 -3.157058978148539292e-04 5.268870382675739771e-04 1.118916369377844031e-03 4.785276745577830184e-07 -6.795207176049620785e-04 1.296097948608656214e-03 -9.731417820859548755e-04 -3.868764310516048109e-04 7.373396105290484824e-04 5.898734474287845421e-04 -6.407056834245277843e-04 3.437600774698517433e-04 8.263711407272913718e-04 -4.280301192626996846e-04 -1.122906939228950161e-03 -4.298540866401059728e-04 -8.487131395840084858e-04 1.535296036617760703e-04 -6.575731937226893123e-04 3.560446916485620673e-04 3.485266347244849296e-04 -5.282437049734784286e-04 -2.655146559412533379e-03 7.981445299324540187e-04 4.436479460651427602e-04 -2.959923755123258456e-04 2.416631166064819641e-04 1.052143107340188779e-03 -6.905460300337172921e-05 -2.266555934090246408e-04 -2.181628914877674938e-04
9.068864456387013733e-04 2.105986845536862435e-04 -7.028609382404558438e-04 -2.934863627829178848e-04 1.000611085868561512e+00 -4.966855382942100610e-04 -8.690783657862971015e-04 -1.590201099300126081e-04 -4.441689764919019259e-04 7.089559472247376022e-04 2.371091597248413949e-04 -7.639598752374994819e-04 4.454356190930489003e-04 5.830758372174489699e-04 4.009734382225386040e-04 -1.251027538484416387e-03 6.791637620595199687e-04 -3.295263606802212742e-04 -4.777696749469349433e-04 6.675445058597667854e-04 1.143723831851691831e-03 -7.606768659061956565e-04 5.801776509924138096e-04 1.064634296961624845e-03 -6.512033751870324218e-04 -6.034927623723544427e-04 3.681375184428972713e-04 -1.189248541784223559e-03 6.026492331336661496e-04 7.020580106928639994e-04 1.445226669238752933e-03 1.244641334410013025e-03 -6.427949968597813793e-04 6.277358299884935487e-04 -6.884377922675220633e-04 -1.160953974516733961e-03 2.097424482616830745e-04 7.493370886313116932e-04 -1.715567430244846567e-03 9.069885425459392296e-04 8.461606458123444550e-04 -1.056111102517362857e-03 -8.837248155490471432e-04 5.840797395043863726e-04 -2.702375853623615503e-04 -5.327072453410561671e-04 5.555513947515577705e-04 8.996042904143807233e-04 8.422594646457391351e-04 1.205284547524639168e-03 -4.805448340185416328e-04 9.123338214805296314e-04 -2.821360120408185888e-04 -7.285570280918373526e-04 7.605927377791954144e-04 2.435798097215760485e-03 -1.113833842729386112e-03 -2.551355244747826440e-04 6.497377398749839281e-04 -6.899226119253883301e-04 -9.260943006753682028e-04 4.784233924962613053e-04 2.481801884551854565e-04 -1.989515539618873750e-04
-8.874911249109119268e-04 -7.356973213845638187e-04 1.816396606112744266e-03 3.806011042313527126e-04 -4.966855382942100610e-04 1.001558512252048727e+00 1.298073501268848327e-03 6.775846286896404502e-04 5.934785240307912388e-04 -1.031782235277566061e-03 -1.321582803062431189e-04 5.553485319749606065e-04 -3.621364559675279934e-04 -1.055897507835458667e-03 -3.402441485023930171e-04 2.949496427855731982e-03 -5.659869525101719583e-04 5.225599111989848861e-04 5.948079927978450589e-04 -1.434379809712158383e-03 -1.751273058760315429e-03 7.925155442968699832e-04 -2.759640612620797352e-04 -1.477952015850686474e-03 1.292531977821416043e-03 4.098409268651282333e-04 -6.667540505051241509e-04 1.665525941273425905e-03 -7.683268880463938562e-04 -5.268727030840429778e-04 -2.004597015907237656e-03 -1.715834206177413099e-03 8.389858980191529543e-04 -5.035526170284063347e-04 9.514401630121038268e-04 1.895335186834010881e-03 -3.613363408773144101e-04 -1.083484193575278646e-03 2.635654077687035919e-03 -9.144947121626687513e-04 -8.492236264815172407e-04 1.386848502675447478e-03 1.167657994314540756e-03 -1.359902218944840846e-03 2.915762026200911577e-04 9.146292625973994738e-04 -5.585626368510909290e-04 -1.133287381202709556e-03 -7.853743518815216752e-04 -1.727556901759643186e-03 1.537864862380844855e-04 -1.266722694747584189e-03 9.512066096036234531e-04 6.218547394520717577e-04 -9.556033486314946231e-04 -5.031161039648794804e-03 1.459718275384344708e-03 2.219315010610423480e-04 -4.919422504418342499e-04 4.398680368172578985e-04 1.972922215433558363e-03 -2.905545644333918948e-04 -8.211045753679978385e-04 -2.541583575941864549e-04
-1.418594428535431334e-03 -5.059689116942763659e-04 1.754802243949356560e-03 6.980882486753250439e-04 -8.690783657862971015e-04 1.298073501268848327e-03 1.001634985507786846e+00 6.452714405263400115e-04 9.016437253044398128e-04 -1.347045844629849408e-03 -4.239367079069559564e-04 1.021169289195266632e-03 -6.711926077785121229e-04 -1.156187915859893276e-03 -3.495004729589882555e-04 2.917937838669544624e-03 -9.754462896840654026e-04 7.707560795094627526e-04 9.039625275559534743e-04 -1.415502046927078015e-03 -2.299057899311847397e-03 1.214587712371996073e-03 -6.548384411016257463e-04 -1.949228064633811222e-03 1.409118661091483425e-03 8.035935546889661071e-04 -9.109491864527156620e-04 2.273118630772731109e-03 -1.066179408415058715e-03 -9.746065138361355729e-04 -2.925590117394708586e-03 -2.197532182172396830e-03 1.158243686245582701e-03 -8.964815615202816317e-04 1.249836093012635400e-03 2.342133292928066501e-03 -3.367625385617736811e-04 -1.427616680277451816e-03 3.217819144515565548e-03 -1.616014045447152804e-03 -1.266403882581731153e-03 1.849245064834872726e-03 1.539759330538994532e-03 -1.402325744173463576e-03 5.160014300492144282e-04 1.238848197615381166e-03 -9.133731077048813478e-04 -1.779785561864464334e-03 -1.255691321099019521e-03 -2.179524737808492645e-03 5.395521311179238104e-04 -1.636480329489483493e-03 8.298855485786889178e-04 1.048921833297024883e-03 -1.311953066390464991e-03 -5.539083280039981856e-03 1.957152463757681760e-03 5.147712984756211939e-04 -9.006419470926276157e-04 8.846564278599547632e-04 2.151537296494186215e-03 -5.609420137832442236e-04 -6.832384224631593648e-04 -5.124803174011800181e-05
-3.865560661104369255e-04 -1.782037647657567321e-04 9.939790587041202104e-04 4.400700330381636014e-04 -1.590201099300126081e-04 6.775846286896405586e-04 6.452714405263401199e-04 1.000523589266891555e+00 4.505558090314960916e-04 -5.449988569366143220e-04 -1.663355013340212386e-04 1.191135530850432960e-04 -1.491594045072280872e-04 -4.875499832862016376e-04 1.146886689124944293e-04 1.450234657590917381e-03 -1.876146668703277949e-04 4.464238163315665717e-04 3.755460542663325695e-04 -6.755525086639081397e-04 -1.014813889366029650e-03 3.383548020354766269e-04 5.118813151520130886e-05 -7.355709993066644964e-04 6.933042119375100237e-04 9.962295669265721265e-05 -5.660524601342244990e-04 9.094497760588180109e-04 -3.881720155533139498e-04 -1.598467059680700820e-04 -1.353463115093957213e-03 -7.502171315849859258e-04 4.410009429686696054e-04 -1.733516145468902653e-04 4.901369718553682739e-04 1.028306324328922107e-03 -3.385621158824389683e-05 -5.694746965195679770e-04 1.167070363073936237e-03 -6.254087536493758027e-04 -2.463716719591566690e-04 6.415139132130734346e-04 5.459962933761348903e-04 -7.745826274666750859e-04 2.450382187062318841e-04 6.887211926951735059e-04 -2.969463560504814964e-04 -8.318573157431259548e-04 -2.792048427045938966e-04 -7.901125551038410810e-04 -2.491146078487299482e-05 -5.670752099939539758e-04 4.735791850882309427e-04 1.985537944230336715e-04 -4.603366203307305139e-04 -2.818954619333226882e-03 6.693523334972492503e-04 2.437384800297864721e-04 -1.514413138121315698e-04 7.061492572644633044e-05 1.101260976200099011e-03 3.010941012791984144e-05 -3.565619621581188337e-04 -3.217700681291493260e-04
-7.723662426833893596e-04 -1.284576702967705423e-04 9.620110975214600122e-04 5.680954318702037846e-04 -4.441689764919018717e-04 5.934785240307912388e-04 9.016437253044397044e-04 4.505558090314960916e-04 1.000609322097017584e+00 -7.704519698310649707e-04 -3.341012715107872198e-04 4.912718869420947942e-04 -3.764426048855087047e-04 -5.918789800431953612e-04 3.241654515889225445e-05 1.529882673282035579e-03 -5.004783181711200402e-04 5.584997232096311319e-04 5.700375276158954358e-04 -6.996259371093192314e-04 -1.381427057956215740e-03 6.548508296508581119e-04 -2.694445314023634960e-04 -1.085738796686577974e-03 7.807345765786167157e-04 4.014356064215011304e-04 -6.576727948856239984e-04 1.340145607761506321e-03 -5.996852858779130055e-04 -4.992275637156948741e-04 -1.899715601705072440e-03 -1.149994847708420706e-03 6.615226976166956388e-04 -4.670679303337157647e-04 6.969457759471627814e-04 1.349659516583222177e-03 -8.939084929030180504e-05 -8.202820576158330887e-04 1.697280820456603277e-03 -1.054611456417190287e-03 -6.095662560021632322e-04 9.961439731578107439e-04 8.241088821432248322e-04 -7.986938960483106961e-04 3.613696140939715311e-04 8.480042548177635364e-04 -5.339906666896828726e-04 -1.192672754424910220e-03 -6.432571430389961726e-04 -1.156870142993384008e-03 2.645551778463387069e-04 -8.724346739684043627e-04 4.343093836925531175e-04 5.311881575607819506e-04 -7.171827937775516288e-04 -3.189473736341930099e-03 1.057522230602646112e-03 4.039080613484492929e-04 -4.593632491205808395e-04 4.221595224933055875e-04 1.241633823721508987e-03 -2.165793153338789912e-04 -3.189047626277385287e-04 -1.302170356514577418e-04
1.166857493292136399e-03 3.846067984256127444e-04 -1.418189094274998219e-03 -6.263410829282241689e-04 7.089559472247376022e-04 -1.031782235277566061e-03 -1.347045844629849408e-03 -5.449988569366143220e-04 -7.704519698310649707e-04 1.001120693925295235e+00 3.930757012019949598e-04 -8.265231086678616161e-04 5.654017981128469598e-04 9.315138566550561607e-04 1.849062931302915323e-04 -2.379487348310808589e-03 7.958046720543909781e-04 -6.740855974096046904e-04 -7.723677054554902886e-04 1.114160613761145746e-03 1.939651278884873447e-03 -1.000768860468905950e-03 5.217180988694102798e-04 1.612545872281316356e-03 -1.147803930290853874e-03 -6.535963092291704763e-04 7.880093729006963209e-04 -1.919915228716290168e-03 8.808990402374368466e-04 7.956642081182361496e-04 2.513222457520248969e-03 1.796400642028154462e-03 -9.588210161179751192e-04 7.325146862450310431e-04 -1.022014562094153900e-03 -1.952448726790669388e-03 2.621964067732351260e-04 1.194712326067424264e-03 -2.661126264341261757e-03 1.392470324422216341e-03 1.031199169448568029e-03 -1.515962533203066157e-03 -1.251369897931170830e-03 1.145783460240664851e-03 -4.448399110205177465e-04 -1.071498099120627876e-03 7.610189203777556954e-04 1.531959257768422331e-03 1.022626868501017852e-03 1.782738973209082190e-03 -4.410182930730923226e-04 1.349439397537210419e-03 -6.860183717501783197e-04 -8.548288961296357426e-04 1.071949893284740874e-03 4.592447698608338215e-03 -1.612914769957934881e-03 -4.734891428356096657e-04 7.319299433551501588e-04 -7.152400730700235725e-04 -1.792956108980106253e-03 4.431210598124275140e-04 5.535473396031976049e-04 6.591652649517998341e-05
4.003981683351951729e-04 -8.981907084516863106e-06 -2.697861182899522641e-04 -3.675752187130313319e-04 2.371091597248413949e-04 -1.321582803062431460e-04 -4.239367079069559564e-04 -1.663355013340212115e-04 -3.341012715107872740e-04 3.930757012019949598e-04 1.000298371127723351e+00 -2.654133633072967781e-04 2.529965235149338925e-04 2.020877980447977713e-04 -2.911128996698847610e-04 -5.779449232012562679e-04 2.644470490494323870e-04 -3.377163926178348399e-04 -3.492609161536474119e-04 1.188407401012298340e-04 7.668244189853749750e-04 -3.475296379203719212e-04 1.625749418748599986e-04 5.414247981177324788e-04 -2.791457552161225606e-04 -2.217707401646732985e-04 3.541950900879916111e-04 -7.870883871595909772e-04 2.954197544455797382e-04 2.729499413247951081e-04 1.157702836714578302e-03 5.344083620491011993e-04 -3.248171112420863743e-04 2.480780799518335030e-04 -2.938880719913261109e-04 -6.810064360084703812e-04 3.997837112155825116e-05 4.474745976917675035e-04 -8.930958095972884063e-04 6.863856590962996414e-04 3.310499656356388678e-04 -4.672695552461578910e-04 -3.411841009853985016e-04 2.739474449235371656e-04 -2.114099194421598538e-04 -4.962985246628587831e-04 2.894235158982471062e-04 7.179417274934101747e-04 3.239402688307636857e-04 5.248294021217216488e-04 -1.792411066102696444e-04 4.452205812815983993e-04 -1.877533022793003619e-04 -2.807486075782652493e-04 3.166101932898179546e-04 1.415622541341881105e-03 -5.319032157266125917e-04 -3.365999101265472406e-04 2.374491338940430522e-04 -2.341438391893337437e-04 -5.859760707468593139e-04 1.192297743549795044e-04 1.130567014520051061e-04 4.749509109217806306e-05
-1.107521033870497969e-03 -2.617636092944537383e-04 7.628524477647575163e-04 2.904610191159111071e-04 -7.639598752374994819e-04 5.553485319749606065e-04 1.021169289195266632e-03 1.191135530850432283e-04 4.912718869420949026e-04 -8.265231086678616161e-04 -2.654133633072967781e-04 1.000969651121101700e+00 -5.470217860575914874e-04 -6.841300025516640912e-04 -5.631635910553881063e-04 1.405953794980744145e-03 -8.473845227915591380e-04 3.416547442559491796e-04 5.485107978272838304e-04 -7.727523661074974307e-04 -1.304359793654927963e-03 9.273084573051532239e-04 -7.606470101811122842e-04 -1.256939578426424483e-03 7.367454976427383452e-04 7.634517262109728189e-04 -3.723848670579677595e-04 1.379787079550368620e-03 -7.151970415386066371e-04 -8.806503754275664961e-04 -1.619597070282939588e-03 -1.494473721772978476e-03 7.578523926822768259e-04 -7.824340219256381004e-04 8.122609679831740634e-04 1.332365144541902387e-03 -2.742158910476808062e-04 -8.732677600115398668e-04 2.036380920629239470e-03 -1.050174623545415027e-03 -1.057941101822868022e-03 1.264301968844563830e-03 1.058524511427199558e-03 -6.368507487165468803e-04 3.018946339175912507e-04 5.630832550162255057e-04 -6.654421923601359879e-04 -1.006573909114188417e-03 -1.044787751507315725e-03 -1.436773583773102471e-03 6.222970796761727319e-04 -1.090154156129769783e-03 2.956631000276110227e-04 9.101396612832132142e-04 -9.102936584721235680e-04 -2.702701694380251277e-03 1.333029349682111940e-03 2.750247632298023445e-04 -8.151338752796649396e-04 8.810402118105793105e-04 1.021793767968939967e-03 -6.275953524937531508e-04 -2.733883793291032359e-04 3.126117040396711455e-04
6.772214403478775055e-04 1.445750256415939954e-04 -5.111532890414980691e-04 -2.989181995523140854e-04 4.454356190930488461e-04 -3.621364559675279934e-04 -6.711926077785121229e-04 -1.491594045072280601e-04 -3.764426048855087047e-04 5.654017981128469598e-04 2.529965235149338383e-04 -5.470217860575914874e-04 1.000359127076357435e+00 4.195767678855835789e-04 1.066626568904703527e-04 -9.770178981862980699e-04 4.952563811432626924e-04 -3.148049126082710339e-04 -4.116355170008318873e-04 4.295986894782623548e-04 9.656660242185833090e-04 -5.762586026233811661e-04 4.030649249043271329e-04 8.303816982922144607e-04 -4.839351213319976249e-04 -4.345228375315275410e-04 3.384842840615092936e-04 -1.005485954084066281e-03 4.622654512139958067e-04 5.111859446469491433e-04 1.282649864071648939e-03 9.372751265166421068e-04 -4.957541386040258775e-04 4.577032379203771983e-04 -5.069424328841889158e-04 -9.439244004373140151e-04 1.536407219475703558e-04 6.135574071231884950e-04 -1.374820791283166716e-03 7.852605137992615730e-04 6.295846213361004987e-04 -7.948250579624043877e-04 -6.400521473248293146e-04 4.424414754536864732e-04 -2.306597894504821471e-04 -4.959718259647877747e-04 4.291741933051767643e-04 7.878136730356016977e-04 6.133753744869079429e-04 9.082485276060609002e-04 -3.460794617938515896e-04 7.115843408837939799e-04 -2.542600919254635198e-04 -5.316201455412165660e-04 5.588376251440378435e-04 1.977891033784563539e-03 -8.581718261088841200e-04 -2.780013354617908838e-04 4.655718056395703199e-04 -4.908158529101495395e-04 -7.767791378880739084e-04 3.293113127308311861e-04 2.053636114578423857e-04 -9.874790661588995491e-05
9.602223370395096330e-04 4.404735862616846885e-04 -1.373773422105592458e-03 -4.112095709554911102e-04 5.830758372174489699e-04 -1.055897507835458883e-03 -1.156187915859893493e-03 -4.875499832862015834e-04 -5.918789800431953612e-04 9.315138566550561607e-04 2.020877980447977713e-04 -6.841300025516640912e-04 4.195767678855836331e-04 1.000872617282960064e+00 4.033989567042452467e-04 -2.206582226353003950e-03 6.564258977653761231e-04 -4.881662741787209069e-04 -5.812528671778295283e-04 1.140988778519136208e-03 1.552558470043757929e-03 -8.226699258411523811e-04 4.274014246153410939e-04 1.355258863521849539e-03 -1.056588053225545731e-03 -5.312755643839908205e-04 6.031569587432717133e-04 -1.510785369612504181e-03 7.379836996438051289e-04 6.473936435376539521e-04 1.884377104851145358e-03 1.559221299980774553e-03 -8.016921422061187418e-04 6.000305375259283765e-04 -8.945087312892625658e-04 -1.633299745470163196e-03 2.579609698708448264e-04 9.721254928927577574e-04 -2.246610848527497845e-03 9.982949734574492456e-04 8.652804044846422417e-04 -1.301332212921749339e-03 -1.106737048269156249e-03 1.064300661256882595e-03 -3.256182297500072255e-04 -8.081266705371878889e-04 6.068497784090181408e-04 1.135346807247080998e-03 8.588820174824604060e-04 1.553889266749871028e-03 -3.284217877840391389e-04 1.139867465709625081e-03 -6.288822611678819043e-04 -7.081028450422287420e-04 9.284911644688218467e-04 4.014412360480740932e-03 -1.359271567420099625e-03 -2.639942333171840208e-04 6.054972564190277007e-04 -5.856921343183597818e-04 -1.544789238931267321e-03 3.796078704349154019e-04 5.363067921978530639e-04 5.724574019655253432e-05
4.941453784172852252e-04 2.271780308910964562e-04 -4.289328389843889396e-04 3.166071659247744080e-04 4.009734382225386040e-04 -3.402441485023930171e-04 -3.495004729589883097e-04 1.146886689124944293e-04 3.241654515889225445e-05 1.849062931302915323e-04 -2.911128996698847610e-04 -5.631635910553881063e-04 1.066626568904703663e-04 4.033989567042453009e-04 1.001275323866952061e+00 -4.590817430256288354e-04 4.437587494964573991e-04 2.240620917188564380e-04 4.819295132037410868e-05 7.236993037836185515e-04 3.170149966135206500e-07 -3.749020949552164155e-04 5.073912563379668521e-04 3.850633273692199987e-04 -3.495226576806929517e-04 -4.273840981076304718e-04 -1.881095216583877623e-04 -8.980518767291656979e-06 2.561459786818530556e-04 4.635097377565447355e-04 -3.658389671722745633e-04 6.483226223443536813e-04 -2.551999361883478803e-04 4.078872155010495747e-04 -3.995119614072004501e-04 -2.030283451007108744e-04 1.636833215293824625e-04 1.139633594211784544e-04 -4.688133238409482513e-04 -1.174780417741347452e-04 5.038307844276197897e-04 -5.423754859665183255e-04 -5.814876755163263591e-04 2.586521567551143173e-04 2.996629956094993286e-05 2.783391200060063861e-04 2.160521103499349707e-04 -1.854233662275835950e-04 5.538767169170101534e-04 6.175462781576033545e-04 -3.431943050703819414e-04 3.456679873361825613e-04 7.019215452562330311e-05 -4.768329709036965287e-04 4.553745755682486957e-04 4.129711379558944164e-04 -4.708760941213795364e-04 3.485954461782076537e-04 4.673984920741294899e-04 -5.261397201998795634e-04 -2.987130297072267005e-05 4.393835833673208173e-04 4.530127508493525068e-05 -4.070867035979428461e-04
-2.187103052373565257e-03 -1.255558024683127221e-03 3.688454385351344449e-03 1.161863193559298539e-03 -1.251027538484416387e-03 2.949496427855732416e-03 2.917937838669544624e-03 1.450234657590917164e-03 1.529882673282035796e-03 -2.379487348310808589e-03 -5.779449232012561595e-04 1.405953794980744145e-03 -9.770178981862982868e-04 -2.206582226353003950e-03 -4.590817430256288354e-04 1.006027952814244175e+00 -1.417230556106434565e-03 1.369231700811474441e-03 1.513217322336982053e-03 -2.852938577192195256e-03 -4.117406796685725741e-03 1.917846645212081640e-03 -7.544224441526713827e-04 -3.394919462075940593e-03 2.743882793356058371e-03 1.079738004913226085e-03 -1.674517504424826494e-03 3.968023733475250364e-03 -1.801692856150650729e-03 -1.361822614576109567e-03 -5.055469525904100585e-03 -3.831086407613888863e-03 1.970892903536151410e-03 -1.284120784219595218e-03 2.166102567189424379e-03 4.290664187148289510e-03 -6.649785392119883076e-04 -2.519144680024986479e-03 5.832532084995505940e-03 -2.528767774415741076e-03 -1.978855709963722211e-03 3.163318010617657827e-03 2.634526158968265516e-03 -2.850151780251165314e-03 8.193411805210552585e-04 2.265186347308275217e-03 -1.421593214878765247e-03 -2.976285641843768627e-03 -1.901565774600937238e-03 -3.845620192135304309e-03 5.541214999214694311e-04 -2.861395811625280089e-03 1.885361614771246174e-03 1.537940961498561769e-03 -2.204565268621408447e-03 -1.088633001436369215e-02 3.349825772176738634e-03 7.824170640705546209e-04 -1.260019702636215296e-03 1.156991155530585815e-03 4.268834345304606953e-03 -7.104477523457309717e-04 -1.571208219886096463e-03 -4.759167135874274308e-04
1.011187787496639059e-03 2.379308996861844057e-04 -8.009419779716767324e-04 -3.329648629514003798e-04 6.791637620595199687e-04 -5.659869525101719583e-04 -9.754462896840654026e-04 -1.876146668703277678e-04 -5.004783181711200402e-04 7.958046720543909781e-04 2.644470490494323328e-04 -8.473845227915591380e-04 4.952563811432628008e-04 6.564258977653761231e-04 4.437587494964573449e-04 -1.417230556106434565e-03 1.000755082655292449e+00 -3.733295878038843862e-04 -5.358219337749129882e-04 7.552257499430554575e-04 1.286101328644147267e-03 -8.484354945220483422e-04 6.404060703799751165e-04 1.193422981365933801e-03 -7.362958767792469536e-04 -6.694204962235228819e-04 4.188707503934124528e-04 -1.333854359571200491e-03 6.749318049342318236e-04 7.797054564916525328e-04 1.625320459302031497e-03 1.393336608041975504e-03 -7.204669234747988109e-04 6.978673826923499418e-04 -7.724670676715012039e-04 -1.306208516735656326e-03 2.330263409414182196e-04 8.407405540383266953e-04 -1.922656587707461924e-03 1.014847990395549354e-03 9.411102075258377620e-04 -1.182261008969491154e-03 -9.898675473062137648e-04 6.639315548568427462e-04 -3.037155117008593394e-04 -6.031434296890238319e-04 6.205466161415620647e-04 1.011414318779952498e-03 9.375790485066433800e-04 1.350757111663296621e-03 -5.304759578791114032e-04 1.021346921386773752e-03 -3.228015727964918800e-04 -8.099629104887174150e-04 8.515264520516322572e-04 2.756787228553822695e-03 -1.246421579446608911e-03 -2.860051422563449249e-04 7.217941220788543985e-04 -7.644000016247396627e-04 -1.048512563711629817e-03 5.285156976945830061e-04 2.829111208858656103e-04 -2.130117313652449610e-04
-6.134037827204461783e-04 -9.841902127647351051e-05 8.463417934722163374e-04 5.630943872221316239e-04 -3.295263606802212200e-04 5.225599111989848861e-04 7.707560795094626441e-04 4.464238163315665175e-04 5.584997232096311319e-04 -6.740855974096046904e-04 -3.377163926178348399e-04 3.416547442559491796e-04 -3.148049126082710339e-04 -4.881662741787209069e-04 2.240620917188564109e-04 1.369231700811474224e-03 -3.733295878038843862e-04 1.000543764631869781e+00 5.218124635768379115e-04 -5.510300286873955457e-04 -1.260359825811870668e-03 5.282019324827221755e-04 -1.470616406581944980e-04 -9.287381568336839765e-04 6.743049435571174489e-04 2.836834026858050715e-04 -6.331103215845954209e-04 1.214470807262630703e-03 -5.041743998149838830e-04 -3.663678505554353662e-04 -1.778991638174138266e-03 -9.471549632061107560e-04 5.612606080862622823e-04 -3.488442458802943789e-04 5.747895268486264949e-04 1.206643889447871773e-03 -5.773986806447727114e-05 -7.290353908679385493e-04 1.478076332279227179e-03 -9.610269450229690829e-04 -4.640637848144836563e-04 8.211874358204155873e-04 6.609608019073238971e-04 -7.108682082935655804e-04 3.300744984061781159e-04 8.189889406840789032e-04 -4.447679929377074712e-04 -1.106872752890060473e-03 -4.864185876869157508e-04 -9.610981718604698311e-04 1.682347330198720578e-04 -7.398982456040555490e-04 4.258706472634528643e-04 3.956122479825525083e-04 -5.806940211695629361e-04 -2.902892362043496977e-03 8.864124263108847561e-04 4.123293887047692341e-04 -3.314258329546597740e-04 2.839695350182163801e-04 1.150334077661064897e-03 -1.153921544544509879e-04 -3.006395229203083518e-04 -2.008361329671657606e-04
-7.964951791696629757e-04 -1.831004130135145344e-04 8.770530253562577091e-04 5.151688905292488513e-04 -4.777696749469348891e-04 5.948079927978450589e-04 9.039625275559533659e-04 3.755460542663325153e-04 5.700375276158954358e-04 -7.723677054554902886e-04 -3.492609161536473577e-04 5.485107978272837220e-04 -4.116355170008318873e-04 -5.812528671778294199e-04 4.819295132037410868e-05 1.513217322336981837e-03 -5.358219337749129882e-04 5.218124635768378030e-04 1.000571703987040539e+00 -6.410953932003068956e-04 -1.380772451684926603e-03 6.837271031728501137e-04 -3.384113159775270171e-04 -1.097730179035627572e-03 7.365359244169339186e-04 4.407650056808644422e-04 -5.932044226193862718e-04 1.374951502126228091e-03 -6.005484431484708376e-04 -5.393013451648093377e-04 -1.875678536741407811e-03 -1.184750455299013157e-03 6.563293028070072083e-04 -4.961616511162219830e-04 6.758969473974202205e-04 1.344830399531910144e-03 -1.451097873661936837e-04 -8.354278215268568734e-04 1.797332012435940525e-03 -1.059183612076955959e-03 -6.834803212592974664e-04 1.010598085557953005e-03 8.153772943156484005e-04 -7.358618665362974499e-04 3.385312011444738950e-04 8.062051772206043449e-04 -5.359744832016335872e-04 -1.153769887893192365e-03 -6.816437079335796023e-04 -1.175579308754227644e-03 3.094257392054128634e-04 -9.099827785146268316e-04 4.441131239651980190e-04 5.731926309612601651e-04 -7.105986411176357619e-04 -3.084493824077098444e-03 1.089792951257644070e-03 4.110280940271426485e-04 -4.902712397661820832e-04 4.762299289808402214e-04 1.217937667068463934e-03 -2.774745160360491173e-04 -3.372493093707947930e-04 -6.767359968592205545e-05
1.124713220536501445e-03 5.853227318925659662e-04 -1.886828641452677766e-03 -4.401127459215838219e-04 6.675445058597667854e-04 -1.434379809712158383e-03 -1.415502046927077798e-03 -6.755525086639080313e-04 -6.996259371093192314e-04 1.114160613761145746e-03 1.188407401012298340e-04 -7.727523661074974307e-04 4.295986894782624090e-04 1.140988778519136208e-03 7.236993037836184431e-04 -2.852938577192194822e-03 7.552257499430554575e-04 -5.510300286873955457e-04 -6.410953932003068956e-04 1.001606208556736766e+00 1.805804270760937155e-03 -9.552264932336941138e-04 4.522087636149269918e-04 1.627151850659480647e-03 -1.392759812825335609e-03 -5.960566311800401728e-04 7.301356438293915216e-04 -1.703818755181734593e-03 8.894533996567689522e-04 7.329798064254126975e-04 2.094701504130069315e-03 1.898112381784148543e-03 -9.699129719043862556e-04 6.895286280244228468e-04 -1.130567544473997646e-03 -1.968094617486545496e-03 2.965372733626588271e-04 1.132669540108707318e-03 -2.634922319912285076e-03 1.052431025823044163e-03 9.837074243124665704e-04 -1.584871267445577252e-03 -1.394233566828355451e-03 1.424968146535735784e-03 -3.709266084182919225e-04 -9.284791775696011251e-04 7.043761967249781517e-04 1.270898400562141956e-03 1.007810307410587046e-03 1.910321379542501792e-03 -3.254716231265300584e-04 1.350024190759896393e-03 -7.926799606287281662e-04 -8.138952213670685824e-04 1.152981958950309973e-03 5.062759276108427797e-03 -1.618665102164040500e-03 -1.948920370348487970e-04 7.002726966647734429e-04 -6.522926176538308132e-04 -1.914095807422654333e-03 4.161881776319580864e-04 6.909559240643335567e-04 1.196111563002845408e-04
1.933177096391967874e-03 6.182580299297882505e-04 -2.429290261954998240e-03 -1.201508707629241448e-03 1.143723831851691615e-03 -1.751273058760315429e-03 -2.299057899311847397e-03 -1.014813889366029433e-03 -1.381427057956215740e-03 1.939651278884873447e-03 7.668244189853750835e-04 -1.304359793654927963e-03 9.656660242185834174e-04 1.552558470043757929e-03 3.170149966135108562e-07 -4.117406796685725741e-03 1.286101328644147050e-03 -1.260359825811870668e-03 -1.380772451684926820e-03 1.805804270760937372e-03 1.003440948699783064e+00 -1.669684488370097022e-03 7.758250877996924902e-04 2.757840771391954771e-03 -1.957722636113235284e-03 -1.036863858925032508e-03 1.459269528223182876e-03 -3.395487392658223628e-03 1.495067631124983101e-03 1.279106167560784164e-03 4.554615770383055665e-03 3.011742467174043786e-03 -1.634761021682277701e-03 1.184372982375328596e-03 -1.713173865066888691e-03 -3.413603252611905649e-03 4.132103380052450591e-04 2.086632691903342069e-03 -4.581942561201176115e-03 2.494461838563557035e-03 1.681420320343464088e-03 -2.544790328817132709e-03 -2.070123985358161486e-03 1.982758402713070620e-03 -7.997454173528782033e-04 -1.981123481020128241e-03 1.291017559961633908e-03 2.769877753641888495e-03 1.659298320008775795e-03 2.999153545935223306e-03 -6.796328393775586708e-04 2.296729450770339416e-03 -1.238787864791380958e-03 -1.380867982000526500e-03 1.783589421350707934e-03 8.074205450064915121e-03 -2.731693453885113403e-03 -9.263998019689537611e-04 1.167222921830192352e-03 -1.117021170057013336e-03 -3.183341536328183809e-03 6.571917514702116901e-04 9.716941518583921238e-04 2.390938378411441563e-04
-1.174077861994027522e-03 -3.153748273123578821e-04 1.104705343478640592e-03 4.818952911856311423e-04 -7.606768659061956565e-04 7.925155442968700916e-04 1.214587712371996290e-03 3.383548020354765727e-04 6.548508296508582203e-04 -1.000768860468905950e-03 -3.475296379203719212e-04 9.273084573051532239e-04 -5.762586026233812745e-04 -8.226699258411523811e-04 -3.749020949552164155e-04 1.917846645212081640e-03 -8.484354945220484506e-04 5.282019324827222839e-04 6.837271031728502221e-04 -9.552264932336943307e-04 -1.669684488370097022e-03 1.000994027088185634e+00 -6.627316942412350914e-04 -1.474287410259451318e-03 9.610733666430113127e-04 7.329639898628326471e-04 -6.021164542920858084e-04 1.699407896431835664e-03 -8.215829848904389072e-04 -8.666676916811391239e-04 -2.139099111600410111e-03 -1.686707963775683355e-03 8.838772333153376796e-04 -7.829993594465175155e-04 9.425020228817403492e-04 1.685267385425562835e-03 -2.686964767753739726e-04 -1.063195774795231731e-03 2.403552201543983531e-03 -1.270078191245481262e-03 -1.073602734113840353e-03 1.427874679249616389e-03 1.185846631688835520e-03 -9.071195052441660168e-04 3.894168374579944037e-04 8.458750637516986373e-04 -7.381145180312168822e-04 -1.317973999892449498e-03 -1.065743376389638496e-03 -1.649837622599675075e-03 5.533348088580556734e-04 -1.251166262003556824e-03 4.928565571503474088e-04 9.106395148770445166e-04 -1.019401181882313972e-03 -3.724861100706817769e-03 1.513221024872665049e-03 3.937484832274254390e-04 -7.996621161486702463e-04 8.252323466352017326e-04 1.436494208245076313e-03 -5.511943600405208024e-04 -4.128620056846749584e-04 1.302661472650135273e-04
7.960428076105323294e-04 1.740979028812859137e-04 -3.521259942736657943e-04 -1.038554225441106231e-04 5.801776509924138096e-04 -2.759640612620797352e-04 -6.548384411016256379e-04 5.118813151520132241e-05 -2.694445314023635502e-04 5.217180988694102798e-04 1.625749418748599444e-04 -7.606470101811122842e-04 4.030649249043271871e-04 4.274014246153410939e-04 5.073912563379668521e-04 -7.544224441526713827e-04 6.404060703799751165e-04 -1.470616406581944980e-04 -3.384113159775270171e-04 4.522087636149269918e-04 7.758250877996924902e-04 -6.627316942412349830e-04 1.000638211488260376e+00 8.209992766311063591e-04 -4.112206188286141213e-04 -5.963454336030431973e-04 1.385302274099570392e-04 -8.670473129365313105e-04 4.752149923206809286e-04 6.750089724421228649e-04 9.275039455317427321e-04 1.015203061386970272e-03 -4.948370925462894582e-04 5.908458913830464754e-04 -5.273056173496441096e-04 -7.992490166640263101e-04 2.196128052309493533e-04 5.522791100464125502e-04 -1.341585328430668035e-03 6.714964834429953218e-04 7.984927364987658756e-04 -8.552573886471077696e-04 -7.146383776127429111e-04 3.065609718317469047e-04 -1.736527417338343704e-04 -2.588428267506916289e-04 4.582310769122514946e-04 5.772010687228414962e-04 7.768741575091784321e-04 9.565164176665331150e-04 -5.146646471903194202e-04 7.336181707109421359e-04 -1.126185844855947686e-04 -6.890513266959374331e-04 6.159074497824774952e-04 1.422244756342521841e-03 -9.029263958798337646e-04 -1.479737711950743272e-04 6.241670593212698091e-04 -7.013967317326247602e-04 -5.271891870279509168e-04 5.244301960398419036e-04 1.288516079342313611e-04 -3.484112420431910136e-04
1.723841367640597047e-03 5.696380869054388152e-04 -2.017317477319057785e-03 -8.508059510860986000e-04 1.064634296961624845e-03 -1.477952015850686690e-03 -1.949228064633811439e-03 -7.355709993066644964e-04 -1.085738796686578191e-03 1.612545872281316356e-03 5.414247981177324788e-04 -1.256939578426424483e-03 8.303816982922144607e-04 1.355258863521849539e-03 3.850633273692199445e-04 -3.394919462075940593e-03 1.193422981365933801e-03 -9.287381568336839765e-04 -1.097730179035627572e-03 1.627151850659480864e-03 2.757840771391954771e-03 -1.474287410259451318e-03 8.209992766311063591e-04 1.002335422367156781e+00 -1.646583079724926388e-03 -9.916757528679080117e-04 1.085437156470518260e-03 -2.742835446183132866e-03 1.280622105416042355e-03 1.198103569695658762e-03 3.539480444029179107e-03 2.627542268410652283e-03 -1.389695914454714461e-03 1.098230562064453309e-03 -1.488197558420416159e-03 -2.790815944924986223e-03 3.997738196313098402e-04 1.714504744109591160e-03 -3.850158192665597244e-03 1.982579284857749306e-03 1.541848851470750421e-03 -2.215340874036786194e-03 -1.836246341236185938e-03 1.626490830384357596e-03 -6.277020531360461833e-04 -1.485456581277732344e-03 1.110329183226842296e-03 2.158537162484205213e-03 1.527674467942025755e-03 2.599668674590890818e-03 -6.846506654347177170e-04 1.962946646611097700e-03 -9.574668403786001751e-04 -1.282475462577253129e-03 1.570522606031593592e-03 6.509852631350503994e-03 -2.351053512256361978e-03 -6.469318223718814251e-04 1.104543460388913122e-03 -1.094593844079457413e-03 -2.532066378890153978e-03 6.965699835551239201e-04 7.838681603191065793e-04 2.676475215822762173e-05
-1.121227024656256234e-03 -4.858333267287155027e-04 1.749283003380527543e-03 6.015851798891350220e-04 -6.512033751870324218e-04 1.292531977821416260e-03 1.409118661091483425e-03 6.933042119375099153e-04 7.807345765786168242e-04 -1.147803930290853874e-03 -2.791457552161226148e-04 7.367454976427384537e-04 -4.839351213319976791e-04 -1.056588053225545731e-03 -3.495226576806928975e-04 2.743882793356058371e-03 -7.362958767792469536e-04 6.743049435571174489e-04 7.365359244169339186e-04 -1.392759812825335826e-03 -1.957722636113235284e-03 9.610733666430112043e-04 -4.112206188286141213e-04 -1.646583079724926388e-03 1.001323475648105088e+00 5.771576556748922188e-04 -8.373025984146694346e-04 1.874373889262921688e-03 -8.942753664669722590e-04 -7.178485914023981793e-04 -2.441080669774082536e-03 -1.850460142634957400e-03 9.795967544086955654e-04 -6.750539665086042725e-04 1.090444620488216238e-03 2.037073044092759747e-03 -2.597867303028818307e-04 -1.197829274208520121e-03 2.690984311553122708e-03 -1.265976912231248693e-03 -9.613574256156261081e-04 1.555075946461004568e-03 1.323354693255869921e-03 -1.361592214402782865e-03 4.313905007044185479e-04 1.089666110890545646e-03 -7.320854981446635887e-04 -1.484341302759425519e-03 -9.742421166365420595e-04 -1.861197576715449466e-03 3.275539707575758999e-04 -1.360241238107372458e-03 7.992403330089128694e-04 7.916021159280526133e-04 -1.113430899654108477e-03 -5.101487503545095413e-03 1.623337472585241860e-03 3.717541758658056612e-04 -6.721989481440913874e-04 6.200416988943580716e-04 1.967489279527621319e-03 -3.679752424650332802e-04 -6.597373010768788982e-04 -1.808764895754470575e-04
-8.779246036806282513e-04 -1.799297544083983591e-04 5.911133957614760981e-04 2.509269033861014964e-04 -6.034927623723544427e-04 4.098409268651282333e-04 8.035935546889661071e-04 9.962295669265721265e-05 4.014356064215011846e-04 -6.535963092291704763e-04 -2.217707401646732985e-04 7.634517262109727104e-04 -4.345228375315275410e-04 -5.312755643839908205e-04 -4.273840981076304176e-04 1.079738004913225868e-03 -6.694204962235228819e-04 2.836834026858050715e-04 4.407650056808644422e-04 -5.960566311800402813e-04 -1.036863858925032508e-03 7.329639898628326471e-04 -5.963454336030430888e-04 -9.916757528679080117e-04 5.771576556748922188e-04 1.000603490708967591e+00 -3.102028274498490725e-04 1.094157819804636401e-03 -5.664734853184879345e-04 -6.965907079973071266e-04 -1.306946964222685439e-03 -1.170677295556890986e-03 6.013182244169338123e-04 -6.194238683337963819e-04 6.429030214912461816e-04 1.051589955931802592e-03 -2.019148725307648483e-04 -6.901945882713314811e-04 1.587320378990247525e-03 -8.503515066297813712e-04 -8.269841067364285155e-04 9.954464083975190190e-04 8.341689452964974778e-04 -4.987187296121359985e-04 2.486667783626072040e-04 4.596754489398506734e-04 -5.316533981158499522e-04 -8.192193501399254538e-04 -8.239084374917940261e-04 -1.126628003091249440e-03 4.942271926108893383e-04 -8.544509413151467943e-04 2.198510295570011265e-04 7.177597776045031375e-04 -7.196938449975465255e-04 -2.121096575698876857e-03 1.048790458968045175e-03 2.305954105241376844e-04 -6.449093136698618280e-04 6.946064052692744756e-04 8.000660136364485175e-04 -4.889239164033863834e-04 -1.999031982013835013e-04 2.423974836914280734e-04
7.035013568040741731e-04 1.248209191924835632e-04 -1.082814295921064648e-03 -6.525848807992819245e-04 3.681375184428972171e-04 -6.667540505051241509e-04 -9.109491864527155536e-04 -5.660524601342243906e-04 -6.576727948856239984e-04 7.880093729006963209e-04 3.541950900879916111e-04 -3.723848670579676511e-04 3.384842840615092936e-04 6.031569587432716048e-04 -1.881095216583877352e-04 -1.674517504424826277e-03 4.188707503934124528e-04 -6.331103215845954209e-04 -5.932044226193862718e-04 7.301356438293915216e-04 1.459269528223182876e-03 -6.021164542920857000e-04 1.385302274099570121e-04 1.085437156470518260e-03 -8.373025984146694346e-04 -3.102028274498490725e-04 1.000755669767630085e+00 -1.382639502020010808e-03 5.909384449395984566e-04 4.060381128658334914e-04 2.036785824063775275e-03 1.110736388714603229e-03 -6.601643225914996050e-04 3.919823331135497400e-04 -6.940454296433813241e-04 -1.417555284461658903e-03 5.392760123880033072e-05 8.407772831258003825e-04 -1.695249812159053569e-03 1.078491416889647584e-03 5.116774062438107134e-04 -9.654409659642915458e-04 -7.951320549145637169e-04 8.912784811771132503e-04 -3.841550826203854788e-04 -9.548781470287481593e-04 5.120379036973658716e-04 1.274674198893477588e-03 5.536011558438400310e-04 1.135949635574687094e-03 -1.653654335870459598e-04 8.540666235630649033e-04 -5.112729592535576696e-04 -4.426729353053887139e-04 6.922741291247868104e-04 3.500656129989272378e-03 -1.027725359514841891e-03 -4.438832981410201239e-04 3.723041990071927830e-04 -3.046491857585428690e-04 -1.372969720103755630e-03 1.101891645209266383e-04 3.655022780124391585e-04 2.646729361317285345e-04
-1.965990529315879247e-03 -6.190127342172452177e-04 2.272965319709322439e-03 1.150911729908175255e-03 -1.189248541784223559e-03 1.665525941273425905e-03 2.273118630772731109e-03 9.094497760588177940e-04 1.340145607761506321e-03 -1.919915228716290168e-03 -7.870883871595909772e-04 1.379787079550368403e-03 -1.005485954084066281e-03 -1.510785369612503964e-03 -8.980518767291646815e-06 3.968023733475250364e-03 -1.333854359571200491e-03 1.214470807262630703e-03 1.374951502126228308e-03 -1.703818755181734593e-03 -3.395487392658223628e-03 1.699407896431835447e-03 -8.670473129365313105e-04 -2.742835446183132433e-03 1.874373889262921904e-03 1.094157819804636401e-03 -1.382639502020010808e-03 1.003390232746151467e+00 -1.488299482971216624e-03 -1.336478807091799961e-03 -4.493554741243247636e-03 -3.013693538380211954e-03 1.620785601884246240e-03 -1.227385142324602298e-03 1.682488966667423837e-03 3.355748373190334082e-03 -4.472588702634361498e-04 -2.076000008392241483e-03 4.597818897770146462e-03 -2.503282942188032791e-03 -1.751380816825777453e-03 2.540553376224747185e-03 2.050685540107244527e-03 -1.871285942872408497e-03 7.815261181454284970e-04 1.915482913307682122e-03 -1.298780839440464652e-03 -2.723431928852121202e-03 -1.706841031945753508e-03 -2.983234847930216899e-03 7.513217388477463291e-04 -2.305652892273504697e-03 1.188800469629412021e-03 1.434045767297589726e-03 -1.771520686858117210e-03 -7.784023619093089451e-03 2.739989790596473237e-03 9.334966252598470666e-04 -1.215414745319935057e-03 1.192661938190439424e-03 3.079298575528872234e-03 -7.302389106630168079e-04 -9.378867477953885170e-04 -1.437350010315801272e-04
9.671838855144569399e-04 2.827046581051634051e-04 -1.082233773780762491e-03 -4.672448950408528623e-04 6.026492331336660412e-04 -7.683268880463938562e-04 -1.066179408415058715e-03 -3.881720155533138956e-04 -5.996852858779130055e-04 8.808990402374368466e-04 2.954197544455796839e-04 -7.151970415386065287e-04 4.622654512139958067e-04 7.379836996438050205e-04 2.561459786818530014e-04 -1.801692856150650729e-03 6.749318049342318236e-04 -5.041743998149838830e-04 -6.005484431484709460e-04 8.894533996567689522e-04 1.495067631124983101e-03 -8.215829848904387988e-04 4.752149923206809286e-04 1.280622105416042138e-03 -8.942753664669721506e-04 -5.664734853184879345e-04 5.909384449395984566e-04 -1.488299482971216624e-03 1.000708009549568622e+00 6.808198395247581306e-04 1.925114078650310128e-03 1.442835503264834054e-03 -7.677997764355379328e-04 6.228358091757932877e-04 -8.254952125154767706e-04 -1.512577793929759584e-03 2.079284196570572790e-04 9.324653473695406272e-04 -2.078693268047179885e-03 1.095199306353804129e-03 8.564705896863873029e-04 -1.222795540747932371e-03 -1.020377051410879506e-03 8.760946344175266553e-04 -3.501323096901951069e-04 -8.015048100477460864e-04 6.215473146592343954e-04 1.185522634426597896e-03 8.597140832199917995e-04 1.426383334227984082e-03 -4.004348475901232181e-04 1.071776348296219102e-03 -4.889890543139980726e-04 -7.237303008370800849e-04 8.741153567941964712e-04 3.492308711321758831e-03 -1.292044589938418867e-03 -3.496035368866468821e-04 6.296422503799369713e-04 -6.270234241771073828e-04 -1.349491008863921721e-03 3.989939282627584819e-04 3.999969823742654412e-04 -1.176742780952164329e-05
1.035421315870373388e-03 2.218050317534273291e-04 -7.585551035078747471e-04 -3.286874210133170155e-04 7.020580106928639994e-04 -5.268727030840431947e-04 -9.746065138361355729e-04 -1.598467059680700548e-04 -4.992275637156948741e-04 7.956642081182360412e-04 2.729499413247951081e-04 -8.806503754275664961e-04 5.111859446469491433e-04 6.473936435376539521e-04 4.635097377565447355e-04 -1.361822614576109350e-03 7.797054564916525328e-04 -3.663678505554353662e-04 -5.393013451648093377e-04 7.329798064254126975e-04 1.279106167560784164e-03 -8.666676916811390154e-04 6.750089724421227564e-04 1.198103569695658762e-03 -7.178485914023982877e-04 -6.965907079973070182e-04 4.060381128658334914e-04 -1.336478807091799961e-03 6.808198395247581306e-04 1.000808252357788364e+00 1.622292530869014551e-03 1.402254518733006116e-03 -7.252692440311655662e-04 7.213317996976173398e-04 -7.750257834919675260e-04 -1.294688497991089557e-03 2.346282516337502041e-04 8.411434922065203672e-04 -1.921828059752692152e-03 1.031784185173807928e-03 9.663104261664716421e-04 -1.192166741834715764e-03 -9.974644646206050000e-04 6.357202009124004235e-04 -3.063238710552461082e-04 -5.902604974953069980e-04 6.331774693298685471e-04 1.013896111839244487e-03 9.637340247596246339e-04 1.355148146304436477e-03 -5.613935162949112122e-04 1.027213972102908063e-03 -2.959138666882809546e-04 -8.359289381035490485e-04 8.601759476444160871e-04 2.675155072306924578e-03 -1.257316221405086615e-03 -2.904146466027160466e-04 7.479054365020602890e-04 -7.977294077277104862e-04 -1.014605887749871248e-03 5.544057648724774225e-04 2.614705556678084534e-04 -2.461371898136238082e-04
2.481748168548503913e-03 5.844154668211818835e-04 -2.970690502884994720e-03 -1.770704612002594117e-03 1.445226669238752716e-03 -2.004597015907237656e-03 -2.925590117394708152e-03 -1.353463115093956996e-03 -1.899715601705072440e-03 2.513222457520248535e-03 1.157702836714578302e-03 -1.619597070282939371e-03 1.282649864071648939e-03 1.884377104851144924e-03 -3.658389671722745633e-04 -5.055469525904100585e-03 1.625320459302031497e-03 -1.778991638174138050e-03 -1.875678536741408027e-03 2.094701504130069315e-03 4.554615770383055665e-03 -2.139099111600410111e-03 9.275039455317427321e-04 3.539480444029178673e-03 -2.441080669774082536e-03 -1.306946964222685222e-03 2.036785824063775275e-03 -4.493554741243247636e-03 1.925114078650310128e-03 1.622292530869014551e-03 1.006230676668883772e+00 3.769469208276686380e-03 -2.114148294976189463e-03 1.505577241463302175e-03 -2.172770904736693199e-03 -4.423011572336414503e-03 4.241959085932077108e-04 2.721932870451811582e-03 -5.797718517755237437e-03 3.452449450621065865e-03 2.082362767108766628e-03 -3.218615646402358914e-03 -2.588964376140505917e-03 2.483678718135278688e-03 -1.121196162690283856e-03 -2.737559042012221912e-03 1.701203809053794969e-03 3.828666541408820220e-03 2.084849085798062395e-03 3.762249894083045942e-03 -8.745490488462098104e-04 2.912284063088937079e-03 -1.529256561981108455e-03 -1.737255020332036451e-03 2.257564427777512730e-03 1.033194739199491154e-02 -3.477086929817514108e-03 -1.382112351516149749e-03 1.471088605627980661e-03 -1.388326348964610737e-03 -4.092483542619340144e-03 7.613452932340633019e-04 1.145513428357531217e-03 3.870281582864790117e-04
1.974003017908309166e-03 7.201955072220197823e-04 -2.263170102724008665e-03 -8.295384332066176036e-04 1.244641334410013025e-03 -1.715834206177413316e-03 -2.197532182172396830e-03 -7.502171315849859258e-04 -1.149994847708420706e-03 1.796400642028154462e-03 5.344083620491010909e-04 -1.494473721772978259e-03 9.372751265166421068e-04 1.559221299980774553e-03 6.483226223443535729e-04 -3.831086407613888863e-03 1.393336608041975504e-03 -9.471549632061107560e-04 -1.184750455299013374e-03 1.898112381784148759e-03 3.011742467174043786e-03 -1.686707963775683355e-03 1.015203061386970272e-03 2.627542268410652283e-03 -1.850460142634957400e-03 -1.170677295556890769e-03 1.110736388714603446e-03 -3.013693538380211954e-03 1.442835503264834054e-03 1.402254518733006333e-03 3.769469208276686814e-03 1.003011498222598386e+00 -1.558196008915171960e-03 1.278933998442896829e-03 -1.685454729240177434e-03 -3.089752318652673555e-03 5.069995344255427217e-04 1.902118251933580719e-03 -4.363043169820890466e-03 2.125095719810007628e-03 1.812157494449901382e-03 -2.525486063598922967e-03 -2.105788810680232076e-03 1.805750143923500785e-03 -6.594868288334547034e-04 -1.544672771273442871e-03 1.243842600887654949e-03 2.285251303968073230e-03 1.780677293652801769e-03 2.967565130436403999e-03 -8.195954625770864466e-04 2.230728631777902961e-03 -1.060616699205716015e-03 -1.500607644820536966e-03 1.791267845521940039e-03 7.177620052950878064e-03 -2.670742150077180539e-03 -6.357604792414828405e-04 1.296741866714926734e-03 -1.307736682102778004e-03 -2.779519968372226417e-03 8.679606190480615956e-04 8.959063474429856478e-04 -6.770129862161087262e-05
-1.040479119266768089e-03 -2.995198482207136006e-04 1.192844120900265472e-03 5.244888932019865866e-04 -6.427949968597813793e-04 8.389858980191530627e-04 1.158243686245582701e-03 4.410009429686694970e-04 6.615226976166956388e-04 -9.588210161179751192e-04 -3.248171112420863743e-04 7.578523926822769343e-04 -4.957541386040259859e-04 -8.016921422061187418e-04 -2.551999361883478803e-04 1.970892903536151410e-03 -7.204669234747989193e-04 5.612606080862622823e-04 6.563293028070072083e-04 -9.699129719043862556e-04 -1.634761021682277484e-03 8.838772333153376796e-04 -4.948370925462894582e-04 -1.389695914454714461e-03 9.795967544086955654e-04 6.013182244169338123e-04 -6.601643225914996050e-04 1.620785601884246240e-03 -7.677997764355379328e-04 -7.252692440311655662e-04 -2.114148294976189463e-03 -1.558196008915172176e-03 1.000834158400243146e+00 -6.652629877638824209e-04 8.970554515737414088e-04 1.651380941789014865e-03 -2.161271707163664577e-04 -1.014565295025861638e-03 2.248730750128990173e-03 -1.195636705889986792e-03 -9.122424598209594778e-04 1.322423990533000545e-03 1.104102811504060382e-03 -9.655266069987868171e-04 3.859162482353647007e-04 8.887785437627907697e-04 -6.728830178747451833e-04 -1.303877345890861687e-03 -9.196530742577601909e-04 -1.543725795924104751e-03 4.201205346440340781e-04 -1.158492625663767438e-03 5.383780881161779296e-04 7.720344517927139188e-04 -9.461852947048329061e-04 -3.835356114246992344e-03 1.396792515912220495e-03 3.868452819570700240e-04 -6.709279800019306078e-04 6.626323768770803462e-04 1.482488780350643817e-03 -4.152883477688874576e-04 -4.369538779673521559e-04 -8.556457726694025246e-06
9.351559410161342780e-04 2.037043445304650838e-04 -7.300033483725901174e-04 -3.157058978148540376e-04 6.277358299884935487e-04 -5.035526170284063347e-04 -8.964815615202816317e-04 -1.733516145468902924e-04 -4.670679303337157647e-04 7.325146862450310431e-04 2.480780799518335030e-04 -7.824340219256381004e-04 4.577032379203772525e-04 6.000305375259283765e-04 4.078872155010495747e-04 -1.284120784219595218e-03 6.978673826923499418e-04 -3.488442458802943789e-04 -4.961616511162220914e-04 6.895286280244228468e-04 1.184372982375328596e-03 -7.829993594465175155e-04 5.908458913830464754e-04 1.098230562064453309e-03 -6.750539665086042725e-04 -6.194238683337963819e-04 3.919823331135497400e-04 -1.227385142324602298e-03 6.228358091757932877e-04 7.213317996976173398e-04 1.505577241463302175e-03 1.278933998442896829e-03 -6.652629877638824209e-04 1.000645773764227586e+00 -7.131940081365416816e-04 -1.199840224635021716e-03 2.066622934616888223e-04 7.730626999357610761e-04 -1.756410486249841306e-03 9.438932040214533881e-04 8.640182541467874167e-04 -1.088229204838210215e-03 -9.125183087626482278e-04 6.077399010751617951e-04 -2.847378543886597236e-04 -5.597985173223413461e-04 5.755350161106921646e-04 9.414958653052927888e-04 8.654979362727069445e-04 1.240291723900423682e-03 -4.926888137032015219e-04 9.367717654652214614e-04 -2.865684875372855110e-04 -7.478491941178607577e-04 7.861134395874779229e-04 2.522501449297452018e-03 -1.146081769452950106e-03 -2.679659970783468078e-04 6.681187813015156607e-04 -7.066339660571367611e-04 -9.572329318877257579e-04 4.858253387189189658e-04 2.496982205680463242e-04 -1.975653548798650199e-04
-1.115292528202893466e-03 -3.415323198923606702e-04 1.353932818275734029e-03 5.268870382675739771e-04 -6.884377922675219549e-04 9.514401630121038268e-04 1.249836093012635400e-03 4.901369718553682739e-04 6.969457759471627814e-04 -1.022014562094153900e-03 -2.938880719913261109e-04 8.122609679831740634e-04 -5.069424328841889158e-04 -8.945087312892625658e-04 -3.995119614072003959e-04 2.166102567189424379e-03 -7.724670676715012039e-04 5.747895268486264949e-04 6.758969473974202205e-04 -1.130567544473997646e-03 -1.713173865066888691e-03 9.425020228817403492e-04 -5.273056173496441096e-04 -1.488197558420416159e-03 1.090444620488216021e-03 6.429030214912460732e-04 -6.940454296433813241e-04 1.682488966667423837e-03 -8.254952125154767706e-04 -7.750257834919674176e-04 -2.172770904736693199e-03 -1.685454729240177434e-03 8.970554515737413004e-04 -7.131940081365416816e-04 1.000985177455008035e+00 1.759214824185804937e-03 -2.303298159369139369e-04 -1.068435882276328342e-03 2.379584173235887133e-03 -1.217599735069341748e-03 -9.702443414918183193e-04 1.430783105335882953e-03 1.214890766198682345e-03 -1.078596942806912210e-03 4.021662123137379591e-04 9.170723144326124385e-04 -7.152166981301784137e-04 -1.346155418808303930e-03 -9.910357015659985742e-04 -1.674680828216588632e-03 4.392262918333556844e-04 -1.235320636588001968e-03 5.766893810509607712e-04 8.273531144593727167e-04 -1.033944336740202094e-03 -4.151697080107691513e-03 1.495114245619817749e-03 3.576306199151601693e-04 -7.231251262022279479e-04 7.092368563472610304e-04 1.588040672300921078e-03 -4.463583352152753489e-04 -4.771739830490331338e-04 -6.950824485478401029e-06
-1.952999450523808982e-03 -7.108086959168175012e-04 2.567704375216953942e-03 1.118916369377844031e-03 -1.160953974516733744e-03 1.895335186834010881e-03 2.342133292928066501e-03 1.028306324328921890e-03 1.349659516583222177e-03 -1.952448726790669388e-03 -6.810064360084702728e-04 1.332365144541902170e-03 -9.439244004373140151e-04 -1.633299745470162979e-03 -2.030283451007108744e-04 4.290664187148289510e-03 -1.306208516735656109e-03 1.206643889447871773e-03 1.344830399531910144e-03 -1.968094617486545496e-03 -3.413603252611905649e-03 1.685267385425562618e-03 -7.992490166640263101e-04 -2.790815944924986223e-03 2.037073044092759314e-03 1.051589955931802592e-03 -1.417555284461658903e-03 3.355748373190334082e-03 -1.512577793929759367e-03 -1.294688497991089557e-03 -4.423011572336414503e-03 -3.089752318652673121e-03 1.651380941789014865e-03 -1.199840224635021716e-03 1.759214824185804720e-03 1.003437613173439269e+00 -4.514915066433813190e-04 -2.085396084717233006e-03 4.645168764231670869e-03 -2.397120318787036679e-03 -1.717233888135577535e-03 2.599717640440259506e-03 2.138738605469773114e-03 -2.063060094952229046e-03 7.707203127209023624e-04 1.920608986933060964e-03 -1.286509354896206306e-03 -2.680018392713688115e-03 -1.693654182916327217e-03 -3.078239327429808936e-03 6.741508206250973771e-04 -2.331580620200547366e-03 1.278578530746194439e-03 1.404788624668726381e-03 -1.828505008243159211e-03 -8.229062814074252982e-03 2.772053441587698716e-03 8.350821529069807087e-04 -1.188722166156638491e-03 1.139021155206446046e-03 3.226671835623807529e-03 -6.881959344099517102e-04 -1.026785693152239276e-03 -2.206275691649931447e-04
2.989394066126068849e-04 2.456711465206126320e-04 -3.164837058344775614e-04 4.785276745577776185e-07 2.097424482616831016e-04 -3.613363408773144101e-04 -3.367625385617736811e-04 -3.385621158824388328e-05 -8.939084929030184569e-05 2.621964067732351802e-04 3.997837112155824439e-05 -2.742158910476808062e-04 1.536407219475703829e-04 2.579609698708448264e-04 1.636833215293824896e-04 -6.649785392119883076e-04 2.330263409414182196e-04 -5.773986806447726437e-05 -1.451097873661937108e-04 2.965372733626588813e-04 4.132103380052450591e-04 -2.686964767753739726e-04 2.196128052309493262e-04 3.997738196313098402e-04 -2.597867303028818307e-04 -2.019148725307648483e-04 5.392760123880035783e-05 -4.472588702634361498e-04 2.079284196570572790e-04 2.346282516337502041e-04 4.241959085932077650e-04 5.069995344255427217e-04 -2.161271707163664577e-04 2.066622934616888223e-04 -2.303298159369139640e-04 -4.514915066433813190e-04 1.000169702150563555e+00 2.872796450755113300e-04 -7.898538096008271081e-04 2.337502692941996951e-04 3.544709823457899579e-04 -3.962292421806037001e-04 -3.145386021811206719e-04 2.371693613632111562e-04 -4.155188922512511565e-05 -1.362855810417298538e-04 1.627119851428451835e-04 2.130496025712906203e-04 2.982227188145888572e-04 4.831689721680485568e-04 -1.454815962880569205e-04 3.800172865004022502e-04 -2.109420412860082636e-04 -2.583263629204058786e-04 2.590838292128867901e-04 1.025121836668828551e-03 -4.326009990459390737e-04 -4.371845450134461108e-05 2.125630002550964854e-04 -2.400992780789417563e-04 -4.137424412863619817e-04 2.002078771316000345e-04 2.032204188568524097e-04 -7.618722342466800225e-05
1.233657781747885158e-03 4.122174626496149488e-04 -1.469104349784388893e-03 -6.795207176049622953e-04 7.493370886313115847e-04 -1.083484193575278646e-03 -1.427616680277451816e-03 -5.694746965195679770e-04 -8.202820576158331971e-04 1.194712326067424264e-03 4.474745976917675035e-04 -8.732677600115398668e-04 6.135574071231886034e-04 9.721254928927577574e-04 1.139633594211784408e-04 -2.519144680024986479e-03 8.407405540383268037e-04 -7.290353908679386577e-04 -8.354278215268569818e-04 1.132669540108707318e-03 2.086632691903342069e-03 -1.063195774795231731e-03 5.522791100464125502e-04 1.714504744109591160e-03 -1.197829274208520121e-03 -6.901945882713313727e-04 8.407772831258004910e-04 -2.076000008392241483e-03 9.324653473695407356e-04 8.411434922065203672e-04 2.721932870451812016e-03 1.902118251933580719e-03 -1.014565295025861638e-03 7.730626999357610761e-04 -1.068435882276328342e-03 -2.085396084717233006e-03 2.872796450755113300e-04 1.001282779491324160e+00 -2.861509021891228341e-03 1.510021614132866369e-03 1.101020344851171787e-03 -1.601655968009213591e-03 -1.307528039963228982e-03 1.195087240073917185e-03 -4.747475492102582991e-04 -1.158123651837416777e-03 8.072646133605741649e-04 1.650542389423617336e-03 1.078744459290922972e-03 1.884342917566720092e-03 -4.689294027263639039e-04 1.441165469095193790e-03 -7.421264460483127223e-04 -9.041489648940570327e-04 1.123384414079182459e-03 4.875970852242663897e-03 -1.715783349665049974e-03 -5.349938021596569414e-04 7.694060965575586462e-04 -7.550300111399113265e-04 -1.916777180730421665e-03 4.687053933936956903e-04 5.951058377788040823e-04 7.566696769056238268e-05
-2.769766594974525705e-03 -1.157390871233187919e-03 3.320335296609798568e-03 1.296097948608656214e-03 -1.715567430244846567e-03 2.635654077687035919e-03 3.217819144515565114e-03 1.167070363073936020e-03 1.697280820456603277e-03 -2.661126264341261757e-03 -8.930958095972884063e-04 2.036380920629239036e-03 -1.374820791283166716e-03 -2.246610848527497411e-03 -4.688133238409481428e-04 5.832532084995505073e-03 -1.922656587707461708e-03 1.478076332279226962e-03 1.797332012435940525e-03 -2.634922319912285076e-03 -4.581942561201176115e-03 2.403552201543983097e-03 -1.341585328430667818e-03 -3.850158192665597244e-03 2.690984311553122274e-03 1.587320378990247308e-03 -1.695249812159053569e-03 4.597818897770146462e-03 -2.078693268047179885e-03 -1.921828059752691935e-03 -5.797718517755237437e-03 -4.363043169820890466e-03 2.248730750128990173e-03 -1.756410486249841089e-03 2.379584173235887133e-03 4.645168764231670869e-03 -7.898538096008271081e-04 -2.861509021891228341e-03 1.006599122452164208e+00 -3.195758879035017017e-03 -2.591378336345397798e-03 3.628515493605571039e-03 2.955478799732260548e-03 -2.662416530629060571e-03 9.639717029429844099e-04 2.414602155513342289e-03 -1.766744600382191008e-03 -3.450904896366212022e-03 -2.471596678301479170e-03 -4.300104007036392208e-03 1.077446782991156636e-03 -3.295721718008906391e-03 1.743731980064376760e-03 2.078925623403224138e-03 -2.519744313931543498e-03 -1.087990485112337244e-02 3.893959527209397455e-03 1.068771195857903941e-03 -1.756674086597695764e-03 1.760977794044085850e-03 4.289092554098586016e-03 -1.162035418213288717e-03 -1.448978211598541928e-03 -6.319702159532237097e-05
1.489483780185058264e-03 2.339738170951299239e-04 -1.445852497870561909e-03 -9.731417820859548755e-04 9.069885425459392296e-04 -9.144947121626687513e-04 -1.616014045447152804e-03 -6.254087536493756943e-04 -1.054611456417190287e-03 1.392470324422216341e-03 6.863856590962996414e-04 -1.050174623545414810e-03 7.852605137992615730e-04 9.982949734574492456e-04 -1.174780417741347587e-04 -2.528767774415741076e-03 1.014847990395549571e-03 -9.610269450229690829e-04 -1.059183612076956176e-03 1.052431025823044163e-03 2.494461838563557035e-03 -1.270078191245481262e-03 6.714964834429953218e-04 1.982579284857749306e-03 -1.265976912231248693e-03 -8.503515066297813712e-04 1.078491416889647584e-03 -2.503282942188032791e-03 1.095199306353804129e-03 1.031784185173807928e-03 3.452449450621065865e-03 2.125095719810007628e-03 -1.195636705889986792e-03 9.438932040214533881e-04 -1.217599735069341748e-03 -2.397120318787036679e-03 2.337502692941996951e-04 1.510021614132866369e-03 -3.195758879035017451e-03 1.002002072727497639e+00 1.265366920796547057e-03 -1.828218079206887520e-03 -1.469916108948485798e-03 1.244760058107207985e-03 -6.391420235638289350e-04 -1.465220512357257032e-03 1.004701816138675076e-03 2.146032301457289227e-03 1.275935793183009901e-03 2.101198442229127751e-03 -6.290713343396137558e-04 1.637045274437948228e-03 -7.149034918578716204e-04 -1.082360248930889016e-03 1.292283854207364755e-03 5.341373868302810683e-03 -1.974975281315188499e-03 -7.924448958378492187e-04 9.369589236254433767e-04 -9.229437948708612595e-04 -2.106921462838904236e-03 5.378282953068209494e-04 5.263560435781044090e-04 6.373535124920456625e-05
1.261737592615987070e-03 4.122152630011927197e-04 -1.073702251894257786e-03 -3.868764310516048651e-04 8.461606458123443466e-04 -8.492236264815172407e-04 -1.266403882581731153e-03 -2.463716719591565606e-04 -6.095662560021633406e-04 1.031199169448568029e-03 3.310499656356388136e-04 -1.057941101822867805e-03 6.295846213361004987e-04 8.652804044846421332e-04 5.038307844276197897e-04 -1.978855709963722644e-03 9.411102075258377620e-04 -4.640637848144836563e-04 -6.834803212592974664e-04 9.837074243124665704e-04 1.681420320343464088e-03 -1.073602734113840136e-03 7.984927364987658756e-04 1.541848851470750421e-03 -9.613574256156259996e-04 -8.269841067364285155e-04 5.116774062438107134e-04 -1.751380816825777237e-03 8.564705896863873029e-04 9.663104261664716421e-04 2.082362767108766628e-03 1.812157494449901166e-03 -9.122424598209593694e-04 8.640182541467874167e-04 -9.702443414918183193e-04 -1.717233888135577535e-03 3.544709823457899036e-04 1.101020344851171787e-03 -2.591378336345398232e-03 1.265366920796547057e-03 1.001219775781423627e+00 -1.515190568843784820e-03 -1.249677664898517140e-03 8.770680943296284716e-04 -3.609802028891789306e-04 -7.729186170061087911e-04 7.673296759353664606e-04 1.258408553662510292e-03 1.175931862481551090e-03 1.753814035912607764e-03 -6.418223016215719116e-04 1.342270793254963677e-03 -5.061282362055544680e-04 -1.015053680690303738e-03 1.069571315243585856e-03 3.695372246085855839e-03 -1.613265346268444485e-03 -3.624429610931467825e-04 8.892334606921481824e-04 -9.471316637560706509e-04 -1.430167819011680290e-03 6.710328169361094806e-04 4.478087917919228319e-04 -2.436845891757401304e-04
-1.678567374118242845e-03 -5.500972073610743175e-04 1.890374306445763734e-03 7.373396105290484824e-04 -1.056111102517362857e-03 1.386848502675447478e-03 1.849245064834872943e-03 6.415139132130734346e-04 9.961439731578107439e-04 -1.515962533203066374e-03 -4.672695552461578910e-04 1.264301968844563830e-03 -7.948250579624043877e-04 -1.301332212921749339e-03 -5.423754859665183255e-04 3.163318010617657827e-03 -1.182261008969491154e-03 8.211874358204155873e-04 1.010598085557953005e-03 -1.584871267445577469e-03 -2.544790328817132709e-03 1.427874679249616172e-03 -8.552573886471077696e-04 -2.215340874036786194e-03 1.555075946461004568e-03 9.954464083975190190e-04 -9.654409659642917627e-04 2.540553376224747185e-03 -1.222795540747932588e-03 -1.192166741834715764e-03 -3.218615646402358914e-03 -2.525486063598922533e-03 1.322423990533000545e-03 -1.088229204838210215e-03 1.430783105335882953e-03 2.599717640440259506e-03 -3.962292421806036459e-04 -1.601655968009213374e-03 3.628515493605571039e-03 -1.828218079206887304e-03 -1.515190568843785036e-03 1.002129436284955766e+00 1.781450591031808091e-03 -1.516521204197476044e-03 5.765754648573486471e-04 1.324190924617257587e-03 -1.064436925869257332e-03 -1.969469543389680208e-03 -1.507490073071577003e-03 -2.491575068944964100e-03 7.029331857246706554e-04 -1.867906879841845988e-03 8.582401331370530543e-04 1.270381392894527140e-03 -1.519403868871708856e-03 -6.014003531814714199e-03 2.246819430998163100e-03 5.537651769651970616e-04 -1.104057623286561554e-03 1.109024902525839558e-03 2.320905665217693273e-03 -7.246862626645668480e-04 -7.176511679177747681e-04 5.650228382027652790e-05
-1.403789602400299036e-03 -4.489081112027178567e-04 1.625335439401378451e-03 5.898734474287846506e-04 -8.837248155490472516e-04 1.167657994314541189e-03 1.539759330538994315e-03 5.459962933761347819e-04 8.241088821432248322e-04 -1.251369897931170613e-03 -3.411841009853985016e-04 1.058524511427199558e-03 -6.400521473248293146e-04 -1.106737048269156249e-03 -5.814876755163263591e-04 2.634526158968265516e-03 -9.898675473062137648e-04 6.609608019073240056e-04 8.153772943156484005e-04 -1.394233566828355451e-03 -2.070123985358161486e-03 1.185846631688835520e-03 -7.146383776127430195e-04 -1.836246341236185721e-03 1.323354693255869921e-03 8.341689452964974778e-04 -7.951320549145638253e-04 2.050685540107244527e-03 -1.020377051410879506e-03 -9.974644646206050000e-04 -2.588964376140505917e-03 -2.105788810680232076e-03 1.104102811504060382e-03 -9.125183087626482278e-04 1.214890766198682345e-03 2.138738605469773114e-03 -3.145386021811206719e-04 -1.307528039963228982e-03 2.955478799732260548e-03 -1.469916108948485798e-03 -1.249677664898517140e-03 1.781450591031808091e-03 1.001513294271220822e+00 -1.291764478570127470e-03 4.754706144692278052e-04 1.067099709086255380e-03 -8.860863030007792114e-04 -1.598569841191339012e-03 -1.264477782752741492e-03 -2.082616809918984551e-03 5.844845131109555492e-04 -1.538045128567357969e-03 6.890148753078882910e-04 1.061908412204227428e-03 -1.285739951301654357e-03 -4.989706145672023058e-03 1.861217842915009356e-03 4.094436434618568799e-04 -9.306093807555603208e-04 9.297440801401351228e-04 1.904603521310728681e-03 -6.058389624725068947e-04 -5.825717992853275294e-04 5.758193327349969009e-05
1.052257145351946210e-03 4.962315789444659078e-04 -1.842506718735275554e-03 -6.407056834245277843e-04 5.840797395043864811e-04 -1.359902218944840846e-03 -1.402325744173463576e-03 -7.745826274666749774e-04 -7.986938960483106961e-04 1.145783460240664851e-03 2.739474449235371656e-04 -6.368507487165468803e-04 4.424414754536864732e-04 1.064300661256882595e-03 2.586521567551143173e-04 -2.850151780251165314e-03 6.639315548568427462e-04 -7.108682082935655804e-04 -7.358618665362974499e-04 1.424968146535735784e-03 1.982758402713070620e-03 -9.071195052441660168e-04 3.065609718317469589e-04 1.626490830384357380e-03 -1.361592214402782865e-03 -4.987187296121359985e-04 8.912784811771133587e-04 -1.871285942872408497e-03 8.760946344175265469e-04 6.357202009124004235e-04 2.483678718135278688e-03 1.805750143923500785e-03 -9.655266069987867086e-04 6.077399010751617951e-04 -1.078596942806912210e-03 -2.063060094952229046e-03 2.371693613632111562e-04 1.195087240073917185e-03 -2.662416530629060571e-03 1.244760058107207985e-03 8.770680943296285800e-04 -1.516521204197475827e-03 -1.291764478570127253e-03 1.001427536072672098e+00 -4.357466555632101470e-04 -1.143836665773793589e-03 7.014639945272005449e-04 1.506060331582621207e-03 8.945016703798627528e-04 1.830625447606372977e-03 -2.429217251994921195e-04 1.331797764513246995e-03 -8.568135675826834326e-04 -7.138234597283858252e-04 1.083843902183201759e-03 5.295764158226918226e-03 -1.582216302027082818e-03 -3.796093213757632855e-04 5.965714576842101428e-04 -5.218133725181361158e-04 -2.048969639139995146e-03 2.850248083636846793e-04 6.985819908475243483e-04 2.799463436699079540e-04
-4.624164811410603148e-04 -4.207515839367306180e-05 5.130278227463772045e-04 3.437600774698517433e-04 -2.702375853623615503e-04 2.915762026200912119e-04 5.160014300492144282e-04 2.450382187062318841e-04 3.613696140939715853e-04 -4.448399110205177465e-04 -2.114099194421598267e-04 3.018946339175911965e-04 -2.306597894504821742e-04 -3.256182297500072255e-04 2.996629956094993625e-05 8.193411805210552585e-04 -3.037155117008593394e-04 3.300744984061781701e-04 3.385312011444738950e-04 -3.709266084182919767e-04 -7.997454173528782033e-04 3.894168374579943495e-04 -1.736527417338343433e-04 -6.277020531360461833e-04 4.313905007044185479e-04 2.486667783626071498e-04 -3.841550826203855330e-04 7.815261181454286055e-04 -3.501323096901951611e-04 -3.063238710552461082e-04 -1.121196162690283856e-03 -6.594868288334547034e-04 3.859162482353647007e-04 -2.847378543886596694e-04 4.021662123137380133e-04 7.707203127209023624e-04 -4.155188922512510888e-05 -4.747475492102582991e-04 9.639717029429845183e-04 -6.391420235638289350e-04 -3.609802028891789306e-04 5.765754648573486471e-04 4.754706144692278594e-04 -4.357466555632101470e-04 1.000218462846298451e+00 4.947364621254961422e-04 -3.205585952432038238e-04 -7.111459428235789157e-04 -3.854285209236006930e-04 -6.613893886849663397e-04 1.745986251331989336e-04 -5.018341581203995252e-04 2.232243412246152166e-04 3.213505559982479621e-04 -4.174529120042419429e-04 -1.773129493039177218e-03 6.131184342315699250e-04 2.502382864431891671e-04 -2.813669832620517650e-04 2.630583071349098861e-04 6.890620689102764079e-04 -1.356644668351455400e-04 -1.575882854684285280e-04 -5.801169635595602254e-05
-9.766743488962214507e-04 -2.350706466021628012e-04 1.381500337318296041e-03 8.263711407272913718e-04 -5.327072453410560586e-04 9.146292625973994738e-04 1.238848197615381166e-03 6.887211926951735059e-04 8.480042548177635364e-04 -1.071498099120627876e-03 -4.962985246628587831e-04 5.630832550162255057e-04 -4.959718259647877747e-04 -8.081266705371878889e-04 2.783391200060063861e-04 2.265186347308275217e-03 -6.031434296890238319e-04 8.189889406840789032e-04 8.062051772206044534e-04 -9.284791775696013419e-04 -1.981123481020128241e-03 8.458750637516986373e-04 -2.588428267506916289e-04 -1.485456581277732561e-03 1.089666110890545646e-03 4.596754489398507818e-04 -9.548781470287482677e-04 1.915482913307682339e-03 -8.015048100477461948e-04 -5.902604974953071064e-04 -2.737559042012222346e-03 -1.544672771273442871e-03 8.887785437627907697e-04 -5.597985173223414546e-04 9.170723144326124385e-04 1.920608986933061398e-03 -1.362855810417298538e-04 -1.158123651837416777e-03 2.414602155513342722e-03 -1.465220512357256815e-03 -7.729186170061088995e-04 1.324190924617257587e-03 1.067099709086255597e-03 -1.143836665773793806e-03 4.947364621254961422e-04 1.001251142261488480e+00 -6.942710123178882399e-04 -1.685048162421120361e-03 -7.890549235850239686e-04 -1.561588169636537061e-03 2.686778609705421910e-04 -1.200382073258060914e-03 7.108947089463674325e-04 6.427304210620615136e-04 -9.298111564643396455e-04 -4.648401168064479790e-03 1.428866043473358801e-03 6.097664070924562916e-04 -5.345524659218441705e-04 4.675553218703523977e-04 1.843543677845042687e-03 -2.131063158925815043e-04 -5.215606287303593477e-04 -2.952825373171529119e-04
8.759627136364057064e-04 1.814240260902890713e-04 -8.445752961486446397e-04 -4.280301192626996846e-04 5.555513947515577705e-04 -5.585626368510909290e-04 -9.133731077048812394e-04 -2.969463560504814964e-04 -5.339906666896829810e-04 7.610189203777556954e-04 2.894235158982471062e-04 -6.654421923601358795e-04 4.291741933051767643e-04 6.068497784090181408e-04 2.160521103499349707e-04 -1.421593214878765247e-03 6.205466161415620647e-04 -4.447679929377074712e-04 -5.359744832016335872e-04 7.043761967249783686e-04 1.291017559961633908e-03 -7.381145180312167738e-04 4.582310769122514946e-04 1.110329183226842296e-03 -7.320854981446635887e-04 -5.316533981158499522e-04 5.120379036973658716e-04 -1.298780839440464652e-03 6.215473146592343954e-04 6.331774693298685471e-04 1.701203809053795186e-03 1.243842600887654949e-03 -6.728830178747451833e-04 5.755350161106920562e-04 -7.152166981301785222e-04 -1.286509354896206306e-03 1.627119851428451835e-04 8.072646133605741649e-04 -1.766744600382191008e-03 1.004701816138675076e-03 7.673296759353664606e-04 -1.064436925869257332e-03 -8.860863030007792114e-04 7.014639945272005449e-04 -3.205585952432038238e-04 -6.942710123178882399e-04 1.000564233237854372e+00 1.063119113265191019e-03 7.798945602628238162e-04 1.224115591170331016e-03 -3.981889390186182367e-04 9.253985781511349503e-04 -3.618830740963743450e-04 -6.631528606194028600e-04 7.661961403689711335e-04 2.862374775759873001e-03 -1.126025532258204641e-03 -3.316625076749800003e-04 5.846903778751520817e-04 -5.911004553091231970e-04 -1.101820332819821065e-03 3.754258106696792578e-04 2.896129869587915130e-04 -5.564124084458105918e-05
1.542994574996688940e-03 2.719158987426494359e-04 -1.788915933592692383e-03 -1.122906939228950378e-03 8.996042904143806149e-04 -1.133287381202709772e-03 -1.779785561864464551e-03 -8.318573157431258464e-04 -1.192672754424910220e-03 1.531959257768422331e-03 7.179417274934101747e-04 -1.006573909114188200e-03 7.878136730356018061e-04 1.135346807247080998e-03 -1.854233662275835950e-04 -2.976285641843769061e-03 1.011414318779952498e-03 -1.106872752890060473e-03 -1.153769887893192365e-03 1.270898400562142172e-03 2.769877753641888929e-03 -1.317973999892449498e-03 5.772010687228414962e-04 2.158537162484205213e-03 -1.484341302759425519e-03 -8.192193501399254538e-04 1.274674198893477805e-03 -2.723431928852121636e-03 1.185522634426598113e-03 1.013896111839244487e-03 3.828666541408820654e-03 2.285251303968073230e-03 -1.303877345890861687e-03 9.414958653052927888e-04 -1.346155418808304147e-03 -2.680018392713688115e-03 2.130496025712906474e-04 1.650542389423617119e-03 -3.450904896366212022e-03 2.146032301457289227e-03 1.258408553662510292e-03 -1.969469543389680208e-03 -1.598569841191339012e-03 1.506060331582621424e-03 -7.111459428235789157e-04 -1.685048162421120361e-03 1.063119113265191019e-03 1.002382203935141103e+00 1.291546254982362018e-03 2.284971716755370991e-03 -5.596245645440834585e-04 1.756497094813650730e-03 -8.684185617071085933e-04 -1.076657091458611479e-03 1.398290719176555280e-03 6.220443678340311852e-03 -2.115562356519610360e-03 -8.538133217582082176e-04 9.238258697610736815e-04 -8.685533116750230199e-04 -2.447185636272706556e-03 4.642735387007006025e-04 6.368346959012709295e-04 2.228352720495368458e-04
1.267077805520453859e-03 3.305752773978617325e-04 -1.092268554036132915e-03 -4.298540866401061354e-04 8.422594646457391351e-04 -7.853743518815217836e-04 -1.255691321099019521e-03 -2.792048427045938424e-04 -6.432571430389962810e-04 1.022626868501017852e-03 3.239402688307636857e-04 -1.044787751507315725e-03 6.133753744869079429e-04 8.588820174824604060e-04 5.538767169170101534e-04 -1.901565774600937238e-03 9.375790485066433800e-04 -4.864185876869156423e-04 -6.816437079335796023e-04 1.007810307410587046e-03 1.659298320008775578e-03 -1.065743376389638496e-03 7.768741575091784321e-04 1.527674467942025755e-03 -9.742421166365419511e-04 -8.239084374917942429e-04 5.536011558438400310e-04 -1.706841031945753508e-03 8.597140832199917995e-04 9.637340247596246339e-04 2.084849085798062395e-03 1.780677293652801986e-03 -9.196530742577601909e-04 8.654979362727069445e-04 -9.910357015659985742e-04 -1.693654182916327217e-03 2.982227188145888030e-04 1.078744459290922756e-03 -2.471596678301479170e-03 1.275935793183009901e-03 1.175931862481551307e-03 -1.507490073071577003e-03 -1.264477782752741492e-03 8.945016703798627528e-04 -3.854285209236006388e-04 -7.890549235850239686e-04 7.798945602628238162e-04 1.291546254982362018e-03 1.001170545743037321e+00 1.732244219924798179e-03 -6.394921739265964009e-04 1.304904957637900579e-03 -4.517719351248715345e-04 -1.006372111199709115e-03 1.084266119476666153e-03 3.656487582816298626e-03 -1.587617254957596419e-03 -3.568607096852450546e-04 8.929997023930209225e-04 -9.378977731822539347e-04 -1.393494195214980145e-03 6.451760838188257043e-04 3.939990184165402315e-04 -2.298777146021842516e-04
1.931077852662647313e-03 7.068046538361577461e-04 -2.299649059701304194e-03 -8.487131395840087026e-04 1.205284547524639168e-03 -1.727556901759643186e-03 -2.179524737808492645e-03 -7.901125551038410810e-04 -1.156870142993384224e-03 1.782738973209082407e-03 5.248294021217216488e-04 -1.436773583773102471e-03 9.082485276060610086e-04 1.553889266749871028e-03 6.175462781576033545e-04 -3.845620192135304309e-03 1.350757111663296621e-03 -9.610981718604698311e-04 -1.175579308754227861e-03 1.910321379542501792e-03 2.999153545935223306e-03 -1.649837622599675075e-03 9.565164176665332234e-04 2.599668674590890818e-03 -1.861197576715449466e-03 -1.126628003091249440e-03 1.135949635574687094e-03 -2.983234847930217766e-03 1.426383334227984082e-03 1.355148146304436477e-03 3.762249894083045942e-03 2.967565130436403999e-03 -1.543725795924104967e-03 1.240291723900423682e-03 -1.674680828216588849e-03 -3.078239327429809370e-03 4.831689721680485026e-04 1.884342917566720092e-03 -4.300104007036393075e-03 2.101198442229127751e-03 1.753814035912607981e-03 -2.491575068944964100e-03 -2.082616809918984551e-03 1.830625447606372977e-03 -6.613893886849663397e-04 -1.561588169636537061e-03 1.224115591170331016e-03 2.284971716755370991e-03 1.732244219924798396e-03 1.002932474956193198e+00 -7.744826845452111542e-04 2.196934030935289699e-03 -1.070944779394528623e-03 -1.453916441118417377e-03 1.770342594618288254e-03 7.218962782971813895e-03 -2.630752600723798920e-03 -6.317543721350982319e-04 1.254746130898962836e-03 -1.252605588948202007e-03 -2.793678941301295984e-03 8.196570373036705720e-04 8.991092648216225712e-04 -1.902474221364116653e-05
-6.691406772448062765e-04 -7.493663812789038835e-05 2.585494677327285326e-04 1.535296036617760703e-04 -4.805448340185416328e-04 1.537864862380845126e-04 5.395521311179238104e-04 -2.491146078487300160e-05 2.645551778463387069e-04 -4.410182930730923768e-04 -1.792411066102696715e-04 6.222970796761727319e-04 -3.460794617938516438e-04 -3.284217877840391389e-04 -3.431943050703818872e-04 5.541214999214694311e-04 -5.304759578791114032e-04 1.682347330198720578e-04 3.094257392054128092e-04 -3.254716231265301126e-04 -6.796328393775586708e-04 5.533348088580556734e-04 -5.146646471903194202e-04 -6.846506654347177170e-04 3.275539707575758999e-04 4.942271926108893383e-04 -1.653654335870459327e-04 7.513217388477463291e-04 -4.004348475901232723e-04 -5.613935162949111038e-04 -8.745490488462098104e-04 -8.195954625770865551e-04 4.201205346440340781e-04 -4.926888137032015219e-04 4.392262918333556844e-04 6.741508206250973771e-04 -1.454815962880569205e-04 -4.689294027263639039e-04 1.077446782991156636e-03 -6.290713343396136473e-04 -6.418223016215719116e-04 7.029331857246705470e-04 5.844845131109555492e-04 -2.429217251994921466e-04 1.745986251331989336e-04 2.686778609705421368e-04 -3.981889390186182367e-04 -5.596245645440834585e-04 -6.394921739265964009e-04 -7.744826845452109374e-04 1.000432862583702454e+00 -5.978463661026402502e-04 6.607699716919684669e-05 5.677662267424619762e-04 -5.111115718349535948e-04 -1.169711161259659633e-03 7.439504907128296953e-04 1.720543225600977349e-04 -5.180461062663675384e-04 5.758316946951779662e-04 4.334432417823252167e-04 -4.144767444763422211e-04 -6.971857673540095854e-05 2.705412349499274711e-04
1.456041822271926913e-03 5.336348272708365311e-04 -1.655156466970267000e-03 -6.575731937226894207e-04 9.123338214805295230e-04 -1.266722694747584406e-03 -1.636480329489483493e-03 -5.670752099939539758e-04 -8.724346739684044711e-04 1.349439397537210419e-03 4.452205812815985078e-04 -1.090154156129769783e-03 7.115843408837939799e-04 1.139867465709625081e-03 3.456679873361825613e-04 -2.861395811625280089e-03 1.021346921386773752e-03 -7.398982456040554406e-04 -9.099827785146268316e-04 1.350024190759896610e-03 2.296729450770339416e-03 -1.251166262003556824e-03 7.336181707109422443e-04 1.962946646611097700e-03 -1.360241238107372458e-03 -8.544509413151467943e-04 8.540666235630650117e-04 -2.305652892273505131e-03 1.071776348296219102e-03 1.027213972102908280e-03 2.912284063088937513e-03 2.230728631777902961e-03 -1.158492625663767438e-03 9.367717654652214614e-04 -1.235320636588001968e-03 -2.331580620200547366e-03 3.800172865004022502e-04 1.441165469095193573e-03 -3.295721718008906391e-03 1.637045274437948228e-03 1.342270793254963894e-03 -1.867906879841846205e-03 -1.538045128567357969e-03 1.331797764513247212e-03 -5.018341581203995252e-04 -1.200382073258060914e-03 9.253985781511350588e-04 1.756497094813650730e-03 1.304904957637900579e-03 2.196934030935289699e-03 -5.978463661026402502e-04 1.001670390876755690e+00 -8.170784376779977390e-04 -1.100908317854577562e-03 1.313213795012364458e-03 5.398398412993565126e-03 -1.990883909490998721e-03 -5.270978307305645505e-04 9.440999184157375596e-04 -9.512969355497591026e-04 -2.108988344212050798e-03 6.266838790560368957e-04 6.803960240096625263e-04 -2.088967708446648261e-05
-5.390333451074100571e-04 -4.298858732092106900e-04 1.113373599105968578e-03 3.560446916485621215e-04 -2.821360120408185888e-04 9.512066096036235615e-04 8.298855485786889178e-04 4.735791850882309427e-04 4.343093836925531175e-04 -6.860183717501783197e-04 -1.877533022793003890e-04 2.956631000276110227e-04 -2.542600919254635198e-04 -6.288822611678819043e-04 7.019215452562331667e-05 1.885361614771246174e-03 -3.228015727964918800e-04 4.258706472634529727e-04 4.441131239651981274e-04 -7.926799606287281662e-04 -1.238787864791380958e-03 4.928565571503474088e-04 -1.126185844855947957e-04 -9.574668403786001751e-04 7.992403330089128694e-04 2.198510295570011265e-04 -5.112729592535576696e-04 1.188800469629412238e-03 -4.889890543139980726e-04 -2.959138666882809546e-04 -1.529256561981108672e-03 -1.060616699205716015e-03 5.383780881161779296e-04 -2.865684875372855652e-04 5.766893810509608797e-04 1.278578530746194656e-03 -2.109420412860082636e-04 -7.421264460483127223e-04 1.743731980064376977e-03 -7.149034918578716204e-04 -5.061282362055544680e-04 8.582401331370530543e-04 6.890148753078882910e-04 -8.568135675826834326e-04 2.232243412246152166e-04 7.108947089463674325e-04 -3.618830740963743450e-04 -8.684185617071085933e-04 -4.517719351248716429e-04 -1.070944779394528623e-03 6.607699716919684669e-05 -8.170784376779977390e-04 1.000650552924509107e+00 3.553972897545240573e-04 -5.737348714286089665e-04 -3.347185949685225776e-03 9.299822803506366817e-04 2.611810098994911443e-04 -2.664560576509986513e-04 2.237142977860255132e-04 1.343805210063852163e-03 -1.270915975582840706e-04 -5.347528353688101423e-04 -2.406235435232483033e-04
-1.083448704299047778e-03 -2.695118836293122462e-04 8.633644551144153750e-04 3.485266347244849838e-04 -7.285570280918373526e-04 6.218547394520717577e-04 1.048921833297024883e-03 1.985537944230337257e-04 5.311881575607819506e-04 -8.548288961296358511e-04 -2.807486075782652493e-04 9.101396612832132142e-04 -5.316201455412165660e-04 -7.081028450422287420e-04 -4.768329709036965829e-04 1.537940961498561769e-03 -8.099629104887174150e-04 3.956122479825525625e-04 5.731926309612601651e-04 -8.138952213670687993e-04 -1.380867982000526500e-03 9.106395148770445166e-04 -6.890513266959374331e-04 -1.282475462577253346e-03 7.916021159280526133e-04 7.177597776045032459e-04 -4.426729353053887139e-04 1.434045767297589726e-03 -7.237303008370801934e-04 -8.359289381035491569e-04 -1.737255020332036885e-03 -1.500607644820537183e-03 7.720344517927139188e-04 -7.478491941178607577e-04 8.273531144593727167e-04 1.404788624668726598e-03 -2.583263629204058786e-04 -9.041489648940570327e-04 2.078925623403224572e-03 -1.082360248930889016e-03 -1.015053680690303738e-03 1.270381392894527357e-03 1.061908412204227428e-03 -7.138234597283858252e-04 3.213505559982479621e-04 6.427304210620615136e-04 -6.631528606194028600e-04 -1.076657091458611479e-03 -1.006372111199709115e-03 -1.453916441118417377e-03 5.677662267424619762e-04 -1.100908317854577562e-03 3.553972897545240573e-04 1.000869551511820665e+00 -9.126245588149617611e-04 -2.969582730206293559e-03 1.340807589167613634e-03 3.035980164451807504e-04 -7.733627235025970119e-04 8.204365954285837339e-04 1.131667621037416634e-03 -5.702157367614047075e-04 -3.129719083767322821e-04 2.296862001186408386e-04
1.207573024337670097e-03 3.557322862149693023e-04 -1.352541483205020557e-03 -5.282437049734784286e-04 7.605927377791953060e-04 -9.556033486314946231e-04 -1.311953066390464774e-03 -4.603366203307305139e-04 -7.171827937775516288e-04 1.071949893284740874e-03 3.166101932898180088e-04 -9.102936584721235680e-04 5.588376251440378435e-04 9.284911644688218467e-04 4.553745755682486415e-04 -2.204565268621408447e-03 8.515264520516321487e-04 -5.806940211695629361e-04 -7.105986411176358703e-04 1.152981958950309973e-03 1.783589421350707718e-03 -1.019401181882313972e-03 6.159074497824774952e-04 1.570522606031593809e-03 -1.113430899654108477e-03 -7.196938449975464171e-04 6.922741291247868104e-04 -1.771520686858117210e-03 8.741153567941964712e-04 8.601759476444160871e-04 2.257564427777512730e-03 1.791267845521939822e-03 -9.461852947048329061e-04 7.861134395874778144e-04 -1.033944336740202094e-03 -1.828505008243159428e-03 2.590838292128867359e-04 1.123384414079182459e-03 -2.519744313931543498e-03 1.292283854207364755e-03 1.069571315243586073e-03 -1.519403868871708639e-03 -1.285739951301654357e-03 1.083843902183201759e-03 -4.174529120042419429e-04 -9.298111564643396455e-04 7.661961403689711335e-04 1.398290719176555280e-03 1.084266119476666153e-03 1.770342594618287821e-03 -5.111115718349535948e-04 1.313213795012364458e-03 -5.737348714286089665e-04 -9.126245588149617611e-04 1.001096373477367685e+00 4.228421319334904442e-03 -1.591219324089993611e-03 -3.757247002425110802e-04 8.008673635830633160e-04 -8.012768853538815338e-04 -1.616537102120620042e-03 5.182347971067690576e-04 4.797405291038043195e-04 -5.235972060578756996e-05
4.288361205843104797e-03 1.890582867455591108e-03 -6.714589483263323430e-03 -2.655146559412533379e-03 2.435798097215760051e-03 -5.031161039648794804e-03 -5.539083280039980989e-03 -2.818954619333226448e-03 -3.189473736341930099e-03 4.592447698608338215e-03 1.415622541341881105e-03 -2.702701694380251277e-03 1.977891033784563973e-03 4.014412360480740932e-03 4.129711379558943622e-04 -1.088633001436369215e-02 2.756787228553822695e-03 -2.902892362043496977e-03 -3.084493824077098878e-03 5.062759276108427797e-03 8.074205450064915121e-03 -3.724861100706817335e-03 1.422244756342521841e-03 6.509852631350503994e-03 -5.101487503545094546e-03 -2.121096575698877291e-03 3.500656129989272811e-03 -7.784023619093089451e-03 3.492308711321758831e-03 2.675155072306925012e-03 1.033194739199491327e-02 7.177620052950878064e-03 -3.835356114246992344e-03 2.522501449297452018e-03 -4.151697080107691513e-03 -8.229062814074252982e-03 1.025121836668828335e-03 4.875970852242663897e-03 -1.087990485112337244e-02 5.341373868302810683e-03 3.695372246085855839e-03 -6.014003531814714199e-03 -4.989706145672023058e-03 5.295764158226918226e-03 -1.773129493039177218e-03 -4.648401168064479790e-03 2.862374775759873435e-03 6.220443678340311852e-03 3.656487582816298626e-03 7.218962782971813895e-03 -1.169711161259659850e-03 5.398398412993565126e-03 -3.347185949685225776e-03 -2.969582730206293559e-03 4.228421319334904442e-03 1.020501987738368310e+00 -6.380438534539077493e-03 -1.828606286276076827e-03 2.467915489156760882e-03 -2.246011077792823846e-03 -8.033676716704539478e-03 1.278890926796443384e-03 2.695975713818455060e-03 9.522191954340215305e-04
-1.770887650863149903e-03 -5.914678710011680345e-04 1.960652692949296262e-03 7.981445299324541271e-04 -1.113833842729386328e-03 1.459718275384344925e-03 1.957152463757681760e-03 6.693523334972492503e-04 1.057522230602646329e-03 -1.612914769957934881e-03 -5.319032157266125917e-04 1.333029349682111940e-03 -8.581718261088842285e-04 -1.359271567420099625e-03 -4.708760941213795364e-04 3.349825772176738634e-03 -1.246421579446608911e-03 8.864124263108847561e-04 1.089792951257644287e-03 -1.618665102164040933e-03 -2.731693453885114271e-03 1.513221024872665049e-03 -9.029263958798338730e-04 -2.351053512256362412e-03 1.623337472585242077e-03 1.048790458968045175e-03 -1.027725359514842108e-03 2.739989790596473671e-03 -1.292044589938419084e-03 -1.257316221405086832e-03 -3.477086929817514542e-03 -2.670742150077180972e-03 1.396792515912220495e-03 -1.146081769452950106e-03 1.495114245619817966e-03 2.772053441587698716e-03 -4.326009990459391279e-04 -1.715783349665049974e-03 3.893959527209397888e-03 -1.974975281315188499e-03 -1.613265346268444918e-03 2.246819430998163534e-03 1.861217842915009356e-03 -1.582216302027083035e-03 6.131184342315699250e-04 1.428866043473359018e-03 -1.126025532258204641e-03 -2.115562356519610360e-03 -1.587617254957596419e-03 -2.630752600723798920e-03 7.439504907128298037e-04 -1.990883909490998721e-03 9.299822803506366817e-04 1.340807589167613634e-03 -1.591219324089993611e-03 -6.380438534539078360e-03 1.002385484032403795e+00 6.264144838867150358e-04 -1.158888677602963168e-03 1.168222439401462925e-03 2.479293570038526399e-03 -7.650818467124682887e-04 -7.727951088889985698e-04 5.125296677347848895e-05
-4.510735790429047935e-04 -1.251558225049487123e-05 4.009019274906466790e-04 4.436479460651427602e-04 -2.551355244747825356e-04 2.219315010610422938e-04 5.147712984756210855e-04 2.437384800297864179e-04 4.039080613484492929e-04 -4.734891428356096657e-04 -3.365999101265472406e-04 2.750247632298023445e-04 -2.780013354617908838e-04 -2.639942333171840208e-04 3.485954461782076537e-04 7.824170640705546209e-04 -2.860051422563448706e-04 4.123293887047692341e-04 4.110280940271426485e-04 -1.948920370348487699e-04 -9.263998019689536527e-04 3.937484832274254932e-04 -1.479737711950743272e-04 -6.469318223718813167e-04 3.717541758658056070e-04 2.305954105241377115e-04 -4.438832981410200155e-04 9.334966252598470666e-04 -3.496035368866468821e-04 -2.904146466027161008e-04 -1.382112351516149749e-03 -6.357604792414826237e-04 3.868452819570701324e-04 -2.679659970783468078e-04 3.576306199151601151e-04 8.350821529069807087e-04 -4.371845450134459753e-05 -5.349938021596569414e-04 1.068771195857903941e-03 -7.924448958378492187e-04 -3.624429610931467825e-04 5.537651769651970616e-04 4.094436434618567715e-04 -3.796093213757632313e-04 2.502382864431891129e-04 6.097664070924562916e-04 -3.316625076749800003e-04 -8.538133217582081092e-04 -3.568607096852450546e-04 -6.317543721350981235e-04 1.720543225600977349e-04 -5.270978307305645505e-04 2.611810098994910901e-04 3.035980164451806962e-04 -3.757247002425110802e-04 -1.828606286276076394e-03 6.264144838867149274e-04 1.000387785607400604e+00 -2.524784644905179792e-04 2.370939097819380601e-04 7.523408995552104822e-04 -1.082273644574725894e-04 -1.656143281678915872e-04 -1.023410523236346979e-04
9.582073094072775590e-04 2.031232839019854572e-04 -7.171068877520047355e-04 -2.959923755123258456e-04 6.497377398749839281e-04 -4.919422504418342499e-04 -9.006419470926276157e-04 -1.514413138121315698e-04 -4.593632491205808395e-04 7.319299433551501588e-04 2.374491338940429980e-04 -8.151338752796649396e-04 4.655718056395703199e-04 6.054972564190277007e-04 4.673984920741294899e-04 -1.260019702636215079e-03 7.217941220788543985e-04 -3.314258329546597198e-04 -4.902712397661820832e-04 7.002726966647734429e-04 1.167222921830192352e-03 -7.996621161486700295e-04 6.241670593212698091e-04 1.104543460388913122e-03 -6.721989481440912790e-04 -6.449093136698618280e-04 3.723041990071927830e-04 -1.215414745319935057e-03 6.296422503799369713e-04 7.479054365020602890e-04 1.471088605627980661e-03 1.296741866714926517e-03 -6.709279800019306078e-04 6.681187813015155522e-04 -7.231251262022279479e-04 -1.188722166156638274e-03 2.125630002550964854e-04 7.694060965575586462e-04 -1.756674086597695980e-03 9.369589236254432683e-04 8.892334606921481824e-04 -1.104057623286561337e-03 -9.306093807555602124e-04 5.965714576842101428e-04 -2.813669832620517108e-04 -5.345524659218441705e-04 5.846903778751520817e-04 9.238258697610735731e-04 8.929997023930209225e-04 1.254746130898962836e-03 -5.180461062663675384e-04 9.440999184157374512e-04 -2.664560576509986513e-04 -7.733627235025970119e-04 8.008673635830633160e-04 2.467915489156760882e-03 -1.158888677602962951e-03 -2.524784644905179792e-04 1.000694120588357272e+00 -7.386351898806569520e-04 -9.297645160447661882e-04 5.128715326498719390e-04 2.378042774506756226e-04 -2.303035494560990890e-04
-9.891213933508522481e-04 -2.103822082919110689e-04 6.171968785128533700e-04 2.416631166064819912e-04 -6.899226119253883301e-04 4.398680368172578985e-04 8.846564278599547632e-04 7.061492572644630333e-05 4.221595224933055875e-04 -7.152400730700234641e-04 -2.341438391893336894e-04 8.810402118105793105e-04 -4.908158529101495395e-04 -5.856921343183597818e-04 -5.261397201998794550e-04 1.156991155530585598e-03 -7.644000016247396627e-04 2.839695350182163801e-04 4.762299289808402214e-04 -6.522926176538308132e-04 -1.117021170057013336e-03 8.252323466352016242e-04 -7.013967317326247602e-04 -1.094593844079457413e-03 6.200416988943579632e-04 6.946064052692745841e-04 -3.046491857585428690e-04 1.192661938190439424e-03 -6.270234241771073828e-04 -7.977294077277104862e-04 -1.388326348964610737e-03 -1.307736682102778221e-03 6.626323768770803462e-04 -7.066339660571367611e-04 7.092368563472610304e-04 1.139021155206446046e-03 -2.400992780789417292e-04 -7.550300111399113265e-04 1.760977794044085850e-03 -9.229437948708612595e-04 -9.471316637560706509e-04 1.109024902525839558e-03 9.297440801401351228e-04 -5.218133725181361158e-04 2.630583071349098861e-04 4.675553218703522892e-04 -5.911004553091231970e-04 -8.685533116750229115e-04 -9.378977731822539347e-04 -1.252605588948202007e-03 5.758316946951779662e-04 -9.512969355497591026e-04 2.237142977860254590e-04 8.204365954285837339e-04 -8.012768853538815338e-04 -2.246011077792823413e-03 1.168222439401462708e-03 2.370939097819380601e-04 -7.386351898806569520e-04 1.000804196359885267e+00 8.437742194447116857e-04 -5.759830873261673114e-04 -2.121845031782239137e-04 3.119898004470208239e-04
-1.642212514921085904e-03 -7.581249099262904511e-04 2.590048951743455057e-03 1.052143107340188779e-03 -9.260943006753682028e-04 1.972922215433558796e-03 2.151537296494186215e-03 1.101260976200098794e-03 1.241633823721509204e-03 -1.792956108980106470e-03 -5.859760707468594223e-04 1.021793767968939967e-03 -7.767791378880739084e-04 -1.544789238931267321e-03 -2.987130297072265311e-05 4.268834345304606953e-03 -1.048512563711629817e-03 1.150334077661064680e-03 1.217937667068464151e-03 -1.914095807422654550e-03 -3.183341536328183809e-03 1.436494208245076313e-03 -5.271891870279510253e-04 -2.532066378890153978e-03 1.967489279527621752e-03 8.000660136364485175e-04 -1.372969720103755847e-03 3.079298575528872234e-03 -1.349491008863921721e-03 -1.014605887749871248e-03 -4.092483542619340144e-03 -2.779519968372226417e-03 1.482488780350644034e-03 -9.572329318877258663e-04 1.588040672300921295e-03 3.226671835623807962e-03 -4.137424412863619817e-04 -1.916777180730421665e-03 4.289092554098587751e-03 -2.106921462838904236e-03 -1.430167819011680290e-03 2.320905665217693273e-03 1.904603521310728681e-03 -2.048969639139995580e-03 6.890620689102764079e-04 1.843543677845042687e-03 -1.101820332819821065e-03 -2.447185636272706556e-03 -1.393494195214980145e-03 -2.793678941301295984e-03 4.334432417823252167e-04 -2.108988344212050798e-03 1.343805210063852163e-03 1.131667621037416634e-03 -1.616537102120620042e-03 -8.033676716704539478e-03 2.479293570038526399e-03 7.523408995552105906e-04 -9.297645160447662966e-04 8.437742194447116857e-04 1.003168922440870192e+00 -4.779251954810759088e-04 -1.077891692977664927e-03 -4.010581953833219698e-04
6.582188641943459862e-04 1.857953362603728643e-04 -3.411015407512019127e-04 -6.905460300337174276e-05 4.784233924962612511e-04 -2.905545644333918948e-04 -5.609420137832442236e-04 3.010941012791985499e-05 -2.165793153338790183e-04 4.431210598124275140e-04 1.192297743549795180e-04 -6.275953524937531508e-04 3.293113127308311861e-04 3.796078704349154019e-04 4.393835833673207631e-04 -7.104477523457309717e-04 5.285156976945830061e-04 -1.153921544544509879e-04 -2.774745160360491173e-04 4.161881776319581406e-04 6.571917514702117985e-04 -5.511943600405206940e-04 5.244301960398419036e-04 6.965699835551239201e-04 -3.679752424650332260e-04 -4.889239164033863834e-04 1.101891645209266519e-04 -7.302389106630168079e-04 3.989939282627584819e-04 5.544057648724774225e-04 7.613452932340634104e-04 8.679606190480617040e-04 -4.152883477688874576e-04 4.858253387189189658e-04 -4.463583352152753489e-04 -6.881959344099517102e-04 2.002078771316000074e-04 4.687053933936956903e-04 -1.162035418213288934e-03 5.378282953068209494e-04 6.710328169361094806e-04 -7.246862626645668480e-04 -6.058389624725068947e-04 2.850248083636846251e-04 -1.356644668351455671e-04 -2.131063158925815043e-04 3.754258106696792578e-04 4.642735387007006025e-04 6.451760838188257043e-04 8.196570373036704635e-04 -4.144767444763422211e-04 6.266838790560368957e-04 -1.270915975582840435e-04 -5.702157367614045990e-04 5.182347971067690576e-04 1.278890926796443384e-03 -7.650818467124682887e-04 -1.082273644574726300e-04 5.128715326498720474e-04 -5.759830873261673114e-04 -4.779251954810759088e-04 1.000435799552801264e+00 1.398712251922145289e-04 -2.790272051322746074e-04
4.518312796228283958e-04 4.003297397199844800e-04 -9.224882107572596884e-04 -2.266555934090246408e-04 2.481801884551854565e-04 -8.211045753679978385e-04 -6.832384224631593648e-04 -3.565619621581187794e-04 -3.189047626277385287e-04 5.535473396031976049e-04 1.130567014520051061e-04 -2.733883793291031817e-04 2.053636114578423857e-04 5.363067921978530639e-04 4.530127508493524390e-05 -1.571208219886096463e-03 2.829111208858656103e-04 -3.006395229203083518e-04 -3.372493093707947930e-04 6.909559240643335567e-04 9.716941518583921238e-04 -4.128620056846749042e-04 1.288516079342313340e-04 7.838681603191064709e-04 -6.597373010768787897e-04 -1.999031982013834471e-04 3.655022780124391585e-04 -9.378867477953883001e-04 3.999969823742654412e-04 2.614705556678084534e-04 1.145513428357531217e-03 8.959063474429856478e-04 -4.369538779673521017e-04 2.496982205680463242e-04 -4.771739830490331338e-04 -1.026785693152239276e-03 2.032204188568524097e-04 5.951058377788039739e-04 -1.448978211598541711e-03 5.263560435781043005e-04 4.478087917919228319e-04 -7.176511679177747681e-04 -5.825717992853275294e-04 6.985819908475243483e-04 -1.575882854684285009e-04 -5.215606287303592393e-04 2.896129869587915130e-04 6.368346959012708211e-04 3.939990184165402315e-04 8.991092648216224628e-04 -6.971857673540095854e-05 6.803960240096625263e-04 -5.347528353688101423e-04 -3.129719083767322821e-04 4.797405291038043737e-04 2.695975713818455060e-03 -7.727951088889984613e-04 -1.656143281678915872e-04 2.378042774506756226e-04 -2.121845031782239408e-04 -1.077891692977664710e-03 1.398712251922145289e-04 1.000453773205923325e+00 1.572540127784705110e-04
-1.753653849150046268e-04 2.846970675508314600e-05 -3.709916263919914303e-04 -2.181628914877674938e-04 -1.989515539618873479e-04 -2.541583575941865091e-04 -5.124803174011803569e-05 -3.217700681291493260e-04 -1.302170356514577689e-04 6.591652649518001052e-05 4.749509109217808339e-05 3.126117040396710913e-04 -9.874790661588995491e-05 5.724574019655253432e-05 -4.070867035979428461e-04 -4.759167135874275935e-04 -2.130117313652449339e-04 -2.008361329671657877e-04 -6.767359968592209611e-05 1.196111563002845950e-04 2.390938378411441021e-04 1.302661472650134731e-04 -3.484112420431909594e-04 2.676475215822761157e-05 -1.808764895754470033e-04 2.423974836914280734e-04 2.646729361317285345e-04 -1.437350010315802628e-04 -1.176742780952161280e-05 -2.461371898136238082e-04 3.870281582864791201e-04 -6.770129862161087262e-05 -8.556457726694104867e-06 -1.975653548798649657e-04 -6.950824485478457780e-06 -2.206275691649931718e-04 -7.618722342466800225e-05 7.566696769056239624e-05 -6.319702159532237097e-05 6.373535124920466112e-05 -2.436845891757400762e-04 5.650228382027648046e-05 5.758193327349966299e-05 2.799463436699080082e-04 -5.801169635595602254e-05 -2.952825373171529119e-04 -5.564124084458104563e-05 2.228352720495368458e-04 -2.298777146021841974e-04 -1.902474221364111910e-05 2.705412349499274711e-04 -2.088967708446646566e-05 -2.406235435232483033e-04 2.296862001186407844e-04 -5.235972060578750220e-05 9.522191954340215305e-04 5.125296677347843474e-05 -1.023410523236347250e-04 -2.303035494560990348e-04 3.119898004470207696e-04 -4.010581953833219698e-04 -2.790272051322746074e-04 1.572540127784705110e-04 1.000367707223845937e+00
